Local Authority,Cumulative Cases,Deaths (cum.),First dose (cum.),Second dose (cum.),Third dose (cum.),Median age,People per sq. km,Asian%,"Black, African, Caribbean%",Mixed%,White%,Other%,% of key workers,Unemployed (%),Employees (%),Self-employed (%),Region name,"Households, 1+ child (%)",Deprivation Score
York,57678.0,402.0,164682.0,155361.0,126964.0,37.7,775.0,3.4,0.6,1.2,94.3,0.5,31.5,2.7,66.6,12.1,Yorkshire and The Humber,20.2,11.7
York,57678.0,402.0,164682.0,155361.0,126964.0,37.7,775.0,3.4,0.6,1.2,94.3,0.5,31.5,2.7,66.6,12.1,Yorkshire and The Humber,20.2,11.7
York,57678.0,402.0,164682.0,155361.0,126964.0,37.7,775.0,3.4,0.6,1.2,94.3,0.5,31.5,2.7,66.6,12.1,Yorkshire and The Humber,20.2,11.7
York,57678.0,402.0,164682.0,155361.0,126964.0,37.7,775.0,3.4,0.6,1.2,94.3,0.5,31.5,2.7,66.6,12.1,Yorkshire and The Humber,20.2,11.7
Cheshire West and Chester,107380.0,1040.0,284919.0,271506.0,221779.0,44.5,373.0,1.2,0.3,0.9,97.4,0.2,30.6,3.1,66.9,10.5,North West,18.4,18.1
Cheshire West and Chester,107380.0,1040.0,284919.0,271506.0,221779.0,44.5,373.0,1.2,0.3,0.9,97.4,0.2,30.6,3.1,66.9,10.5,North West,18.4,18.1
Cheshire West and Chester,107380.0,1040.0,284919.0,271506.0,221779.0,44.5,373.0,1.2,0.3,0.9,97.4,0.2,30.6,3.1,66.9,10.5,North West,18.4,18.1
Cheshire West and Chester,107380.0,1040.0,284919.0,271506.0,221779.0,44.5,373.0,1.2,0.3,0.9,97.4,0.2,30.6,3.1,66.9,10.5,North West,18.4,18.1
Bolton,88896.0,934.0,217078.0,200840.0,142184.0,38.9,2057.0,14.0,1.7,1.8,81.9,0.7,35.8,5.0,57.2,10.5,North West,24.9,30.7
Bolton,88896.0,934.0,217078.0,200840.0,142184.0,38.9,2057.0,14.0,1.7,1.8,81.9,0.7,35.8,5.0,57.2,10.5,North West,24.9,30.7
Bolton,88896.0,934.0,217078.0,200840.0,142184.0,38.9,2057.0,14.0,1.7,1.8,81.9,0.7,35.8,5.0,57.2,10.5,North West,24.9,30.7
Bolton,88896.0,934.0,217078.0,200840.0,142184.0,38.9,2057.0,14.0,1.7,1.8,81.9,0.7,35.8,5.0,57.2,10.5,North West,24.9,30.7
Barnsley,82327.0,1057.0,188260.0,178355.0,137023.0,42.4,750.0,0.7,0.5,0.7,97.9,0.2,35.0,4.1,63.6,7.5,Yorkshire and The Humber,22.2,29.9
Barnsley,82327.0,1057.0,188260.0,178355.0,137023.0,42.4,750.0,0.7,0.5,0.7,97.9,0.2,35.0,4.1,63.6,7.5,Yorkshire and The Humber,22.2,29.9
Barnsley,82327.0,1057.0,188260.0,178355.0,137023.0,42.4,750.0,0.7,0.5,0.7,97.9,0.2,35.0,4.1,63.6,7.5,Yorkshire and The Humber,22.2,29.9
Barnsley,82327.0,1057.0,188260.0,178355.0,137023.0,42.4,750.0,0.7,0.5,0.7,97.9,0.2,35.0,4.1,63.6,7.5,Yorkshire and The Humber,22.2,29.9
Wolverhampton,82398.0,897.0,185578.0,171543.0,120654.0,37.8,3793.0,18.0,6.9,5.1,68.0,1.9,36.5,6.5,64.6,7.5,West Midlands,21.8,32.1
Wolverhampton,82398.0,897.0,185578.0,171543.0,120654.0,37.8,3793.0,18.0,6.9,5.1,68.0,1.9,36.5,6.5,64.6,7.5,West Midlands,21.8,32.1
Wolverhampton,82398.0,897.0,185578.0,171543.0,120654.0,37.8,3793.0,18.0,6.9,5.1,68.0,1.9,36.5,6.5,64.6,7.5,West Midlands,21.8,32.1
Wolverhampton,82398.0,897.0,185578.0,171543.0,120654.0,37.8,3793.0,18.0,6.9,5.1,68.0,1.9,36.5,6.5,64.6,7.5,West Midlands,21.8,32.1
Bradford,161831.0,1444.0,375862.0,346102.0,235197.0,36.5,1473.0,26.8,1.8,2.5,67.4,1.5,30.6,6.1,57.5,9.5,Yorkshire and The Humber,28.7,34.7
Bradford,161831.0,1444.0,375862.0,346102.0,235197.0,36.5,1473.0,26.8,1.8,2.5,67.4,1.5,30.6,6.1,57.5,9.5,Yorkshire and The Humber,28.7,34.7
Bradford,161831.0,1444.0,375862.0,346102.0,235197.0,36.5,1473.0,26.8,1.8,2.5,67.4,1.5,30.6,6.1,57.5,9.5,Yorkshire and The Humber,28.7,34.7
Bradford,161831.0,1444.0,375862.0,346102.0,235197.0,36.5,1473.0,26.8,1.8,2.5,67.4,1.5,30.6,6.1,57.5,9.5,Yorkshire and The Humber,28.7,34.7
Hounslow,88220.0,663.0,214560.0,197924.0,135479.0,36.4,4851.0,34.4,6.6,4.1,51.4,3.6,28.0,5.1,62.7,11.8,London,27.0,21.5
Hounslow,88220.0,663.0,214560.0,197924.0,135479.0,36.4,4851.0,34.4,6.6,4.1,51.4,3.6,28.0,5.1,62.7,11.8,London,27.0,21.5
Hounslow,88220.0,663.0,214560.0,197924.0,135479.0,36.4,4851.0,34.4,6.6,4.1,51.4,3.6,28.0,5.1,62.7,11.8,London,27.0,21.5
Hounslow,88220.0,663.0,214560.0,197924.0,135479.0,36.4,4851.0,34.4,6.6,4.1,51.4,3.6,28.0,5.1,62.7,11.8,London,27.0,21.5
Wandsworth,106884.0,557.0,255149.0,240409.0,185149.0,34.0,9624.0,10.9,10.7,5.0,71.4,2.1,30.1,3.3,67.8,15.2,London,18.5,16.6
Wandsworth,106884.0,557.0,255149.0,240409.0,185149.0,34.0,9624.0,10.9,10.7,5.0,71.4,2.1,30.1,3.3,67.8,15.2,London,18.5,16.6
Wandsworth,106884.0,557.0,255149.0,240409.0,185149.0,34.0,9624.0,10.9,10.7,5.0,71.4,2.1,30.1,3.3,67.8,15.2,London,18.5,16.6
Wandsworth,106884.0,557.0,255149.0,240409.0,185149.0,34.0,9624.0,10.9,10.7,5.0,71.4,2.1,30.1,3.3,67.8,15.2,London,18.5,16.6
"Bristol, City of",150647.0,669.0,361071.0,337361.0,261397.0,32.4,4224.0,5.5,6.0,3.6,84.0,0.9,34.6,4.2,67.2,7.9,South West,21.8,26.4
"Bristol, City of",150647.0,669.0,361071.0,337361.0,261397.0,32.4,4224.0,5.5,6.0,3.6,84.0,0.9,34.6,4.2,67.2,7.9,South West,21.8,26.4
"Bristol, City of",150647.0,669.0,361071.0,337361.0,261397.0,32.4,4224.0,5.5,6.0,3.6,84.0,0.9,34.6,4.2,67.2,7.9,South West,21.8,26.4
"Bristol, City of",150647.0,669.0,361071.0,337361.0,261397.0,32.4,4224.0,5.5,6.0,3.6,84.0,0.9,34.6,4.2,67.2,7.9,South West,21.8,26.4
Stockport,94384.0,843.0,232050.0,220709.0,177542.0,42.4,2328.0,4.9,0.7,1.8,92.1,0.6,36.5,3.6,66.9,9.8,North West,21.8,20.8
Stockport,94384.0,843.0,232050.0,220709.0,177542.0,42.4,2328.0,4.9,0.7,1.8,92.1,0.6,36.5,3.6,66.9,9.8,North West,21.8,20.8
Stockport,94384.0,843.0,232050.0,220709.0,177542.0,42.4,2328.0,4.9,0.7,1.8,92.1,0.6,36.5,3.6,66.9,9.8,North West,21.8,20.8
Stockport,94384.0,843.0,232050.0,220709.0,177542.0,42.4,2328.0,4.9,0.7,1.8,92.1,0.6,36.5,3.6,66.9,9.8,North West,21.8,20.8
Trafford,77806.0,636.0,182318.0,172835.0,138125.0,40.7,2238.0,7.9,2.9,2.7,85.5,1.0,31.1,3.3,66.5,13.0,North West,26.0,16.1
Trafford,77806.0,636.0,182318.0,172835.0,138125.0,40.7,2238.0,7.9,2.9,2.7,85.5,1.0,31.1,3.3,66.5,13.0,North West,26.0,16.1
Trafford,77806.0,636.0,182318.0,172835.0,138125.0,40.7,2238.0,7.9,2.9,2.7,85.5,1.0,31.1,3.3,66.5,13.0,North West,26.0,16.1
Trafford,77806.0,636.0,182318.0,172835.0,138125.0,40.7,2238.0,7.9,2.9,2.7,85.5,1.0,31.1,3.3,66.5,13.0,North West,26.0,16.1
Barnet,115417.0,900.0,280616.0,262941.0,193352.0,37.4,4563.0,18.5,7.7,4.8,64.1,4.9,29.3,4.9,65.5,12.5,London,25.4,16.1
Barnet,115417.0,900.0,280616.0,262941.0,193352.0,37.4,4563.0,18.5,7.7,4.8,64.1,4.9,29.3,4.9,65.5,12.5,London,25.4,16.1
Barnet,115417.0,900.0,280616.0,262941.0,193352.0,37.4,4563.0,18.5,7.7,4.8,64.1,4.9,29.3,4.9,65.5,12.5,London,25.4,16.1
Barnet,115417.0,900.0,280616.0,262941.0,193352.0,37.4,4563.0,18.5,7.7,4.8,64.1,4.9,29.3,4.9,65.5,12.5,London,25.4,16.1
Merton,65896.0,476.0,160307.0,150103.0,111201.0,37.4,5490.0,18.1,10.4,4.7,64.9,1.9,28.2,4.2,66.9,13.0,London,26.2,14.6
Merton,65896.0,476.0,160307.0,150103.0,111201.0,37.4,5490.0,18.1,10.4,4.7,64.9,1.9,28.2,4.2,66.9,13.0,London,26.2,14.6
Merton,65896.0,476.0,160307.0,150103.0,111201.0,37.4,5490.0,18.1,10.4,4.7,64.9,1.9,28.2,4.2,66.9,13.0,London,26.2,14.6
Merton,65896.0,476.0,160307.0,150103.0,111201.0,37.4,5490.0,18.1,10.4,4.7,64.9,1.9,28.2,4.2,66.9,13.0,London,26.2,14.6
Derby,78256.0,802.0,190537.0,179123.0,133538.0,37.0,3297.0,12.5,2.9,2.9,80.3,1.3,32.3,4.8,68.5,7.4,East Midlands,22.9,26.3
Derby,78256.0,802.0,190537.0,179123.0,133538.0,37.0,3297.0,12.5,2.9,2.9,80.3,1.3,32.3,4.8,68.5,7.4,East Midlands,22.9,26.3
Derby,78256.0,802.0,190537.0,179123.0,133538.0,37.0,3297.0,12.5,2.9,2.9,80.3,1.3,32.3,4.8,68.5,7.4,East Midlands,22.9,26.3
Derby,78256.0,802.0,190537.0,179123.0,133538.0,37.0,3297.0,12.5,2.9,2.9,80.3,1.3,32.3,4.8,68.5,7.4,East Midlands,22.9,26.3
Reading,52014.0,333.0,128979.0,120956.0,89747.0,34.8,4005.0,13.6,6.7,4.0,74.8,1.0,30.2,3.6,72.4,9.4,South East,24.5,19.6
Reading,52014.0,333.0,128979.0,120956.0,89747.0,34.8,4005.0,13.6,6.7,4.0,74.8,1.0,30.2,3.6,72.4,9.4,South East,24.5,19.6
Reading,52014.0,333.0,128979.0,120956.0,89747.0,34.8,4005.0,13.6,6.7,4.0,74.8,1.0,30.2,3.6,72.4,9.4,South East,24.5,19.6
Reading,52014.0,333.0,128979.0,120956.0,89747.0,34.8,4005.0,13.6,6.7,4.0,74.8,1.0,30.2,3.6,72.4,9.4,South East,24.5,19.6
Bury,61459.0,704.0,144515.0,135329.0,101680.0,40.3,1920.0,7.2,1.0,1.8,89.2,0.7,31.0,4.6,64.4,10.4,North West,22.8,23.7
Bury,61459.0,704.0,144515.0,135329.0,101680.0,40.3,1920.0,7.2,1.0,1.8,89.2,0.7,31.0,4.6,64.4,10.4,North West,22.8,23.7
Bury,61459.0,704.0,144515.0,135329.0,101680.0,40.3,1920.0,7.2,1.0,1.8,89.2,0.7,31.0,4.6,64.4,10.4,North West,22.8,23.7
Bury,61459.0,704.0,144515.0,135329.0,101680.0,40.3,1920.0,7.2,1.0,1.8,89.2,0.7,31.0,4.6,64.4,10.4,North West,22.8,23.7
Wirral,101390.0,998.0,249245.0,235422.0,187216.0,44.4,2013.0,1.6,0.2,1.0,97.0,0.2,38.9,3.5,66.2,7.3,North West,22.8,29.6
Wirral,101390.0,998.0,249245.0,235422.0,187216.0,44.4,2013.0,1.6,0.2,1.0,97.0,0.2,38.9,3.5,66.2,7.3,North West,22.8,29.6
Wirral,101390.0,998.0,249245.0,235422.0,187216.0,44.4,2013.0,1.6,0.2,1.0,97.0,0.2,38.9,3.5,66.2,7.3,North West,22.8,29.6
Wirral,101390.0,998.0,249245.0,235422.0,187216.0,44.4,2013.0,1.6,0.2,1.0,97.0,0.2,38.9,3.5,66.2,7.3,North West,22.8,29.6
Haringey,77005.0,480.0,186690.0,173218.0,119222.0,35.8,9076.0,9.5,18.8,6.5,60.5,4.7,23.2,4.3,60.5,16.0,London,25.1,28.0
Haringey,77005.0,480.0,186690.0,173218.0,119222.0,35.8,9076.0,9.5,18.8,6.5,60.5,4.7,23.2,4.3,60.5,16.0,London,25.1,28.0
Haringey,77005.0,480.0,186690.0,173218.0,119222.0,35.8,9076.0,9.5,18.8,6.5,60.5,4.7,23.2,4.3,60.5,16.0,London,25.1,28.0
Haringey,77005.0,480.0,186690.0,173218.0,119222.0,35.8,9076.0,9.5,18.8,6.5,60.5,4.7,23.2,4.3,60.5,16.0,London,25.1,28.0
Richmond upon Thames,60069.0,352.0,155458.0,147393.0,120422.0,41.1,3450.0,7.3,1.5,3.6,86.0,1.6,26.3,2.8,66.6,14.6,London,30.0,9.4
Richmond upon Thames,60069.0,352.0,155458.0,147393.0,120422.0,41.1,3450.0,7.3,1.5,3.6,86.0,1.6,26.3,2.8,66.6,14.6,London,30.0,9.4
Richmond upon Thames,60069.0,352.0,155458.0,147393.0,120422.0,41.1,3450.0,7.3,1.5,3.6,86.0,1.6,26.3,2.8,66.6,14.6,London,30.0,9.4
Richmond upon Thames,60069.0,352.0,155458.0,147393.0,120422.0,41.1,3450.0,7.3,1.5,3.6,86.0,1.6,26.3,2.8,66.6,14.6,London,30.0,9.4
Stoke-on-Trent,79851.0,877.0,191451.0,178744.0,135476.0,37.8,2743.0,7.4,1.5,1.8,88.6,0.7,35.2,5.1,67.6,6.9,West Midlands,21.7,34.5
Stoke-on-Trent,79851.0,877.0,191451.0,178744.0,135476.0,37.8,2743.0,7.4,1.5,1.8,88.6,0.7,35.2,5.1,67.6,6.9,West Midlands,21.7,34.5
Stoke-on-Trent,79851.0,877.0,191451.0,178744.0,135476.0,37.8,2743.0,7.4,1.5,1.8,88.6,0.7,35.2,5.1,67.6,6.9,West Midlands,21.7,34.5
Stoke-on-Trent,79851.0,877.0,191451.0,178744.0,135476.0,37.8,2743.0,7.4,1.5,1.8,88.6,0.7,35.2,5.1,67.6,6.9,West Midlands,21.7,34.5
Swindon,65221.0,367.0,179586.0,169577.0,134026.0,40.1,966.0,6.4,1.4,2.0,89.8,0.4,31.1,3.8,73.0,7.6,South West,25.0,18.6
Swindon,65221.0,367.0,179586.0,169577.0,134026.0,40.1,966.0,6.4,1.4,2.0,89.8,0.4,31.1,3.8,73.0,7.6,South West,25.0,18.6
Swindon,65221.0,367.0,179586.0,169577.0,134026.0,40.1,966.0,6.4,1.4,2.0,89.8,0.4,31.1,3.8,73.0,7.6,South West,25.0,18.6
Swindon,65221.0,367.0,179586.0,169577.0,134026.0,40.1,966.0,6.4,1.4,2.0,89.8,0.4,31.1,3.8,73.0,7.6,South West,25.0,18.6
Knowsley,55144.0,525.0,110290.0,102584.0,74889.0,39.5,1744.0,1.0,0.3,1.3,97.2,0.1,32.4,4.0,69.4,7.6,North West,22.0,43.0
Knowsley,55144.0,525.0,110290.0,102584.0,74889.0,39.5,1744.0,1.0,0.3,1.3,97.2,0.1,32.4,4.0,69.4,7.6,North West,22.0,43.0
Knowsley,55144.0,525.0,110290.0,102584.0,74889.0,39.5,1744.0,1.0,0.3,1.3,97.2,0.1,32.4,4.0,69.4,7.6,North West,22.0,43.0
Knowsley,55144.0,525.0,110290.0,102584.0,74889.0,39.5,1744.0,1.0,0.3,1.3,97.2,0.1,32.4,4.0,69.4,7.6,North West,22.0,43.0
Hackney and City of London,83556.0,547.0,192354.0,176828.0,118968.0,33.3,14758.0,10.5,23.1,6.4,54.7,5.3,29.9,4.6,56.7,12.7,London,25.3,32.5
Hackney and City of London,83556.0,547.0,192354.0,176828.0,118968.0,33.3,14758.0,10.5,23.1,6.4,54.7,5.3,29.9,4.6,56.7,12.7,London,25.3,32.5
Hackney and City of London,83556.0,547.0,192354.0,176828.0,118968.0,33.3,14758.0,10.5,23.1,6.4,54.7,5.3,29.9,4.6,56.7,12.7,London,25.3,32.5
Hackney and City of London,83556.0,547.0,192354.0,176828.0,118968.0,33.3,14758.0,10.5,23.1,6.4,54.7,5.3,29.9,4.6,56.7,12.7,London,25.3,32.5
Islington,67440.0,357.0,168531.0,154099.0,111582.0,31.9,16321.0,9.2,12.8,6.5,68.2,3.4,25.9,4.5,65.4,9.4,London,16.2,27.5
Islington,67440.0,357.0,168531.0,154099.0,111582.0,31.9,16321.0,9.2,12.8,6.5,68.2,3.4,25.9,4.5,65.4,9.4,London,16.2,27.5
Islington,67440.0,357.0,168531.0,154099.0,111582.0,31.9,16321.0,9.2,12.8,6.5,68.2,3.4,25.9,4.5,65.4,9.4,London,16.2,27.5
Islington,67440.0,357.0,168531.0,154099.0,111582.0,31.9,16321.0,9.2,12.8,6.5,68.2,3.4,25.9,4.5,65.4,9.4,London,16.2,27.5
Kensington and Chelsea,40801.0,274.0,115933.0,105211.0,75080.0,39.9,12876.0,10.0,6.5,5.7,70.6,7.2,31.1,4.6,60.4,12.2,London,17.8,21.5
Kensington and Chelsea,40801.0,274.0,115933.0,105211.0,75080.0,39.9,12876.0,10.0,6.5,5.7,70.6,7.2,31.1,4.6,60.4,12.2,London,17.8,21.5
Kensington and Chelsea,40801.0,274.0,115933.0,105211.0,75080.0,39.9,12876.0,10.0,6.5,5.7,70.6,7.2,31.1,4.6,60.4,12.2,London,17.8,21.5
Kensington and Chelsea,40801.0,274.0,115933.0,105211.0,75080.0,39.9,12876.0,10.0,6.5,5.7,70.6,7.2,31.1,4.6,60.4,12.2,London,17.8,21.5
Redbridge,94314.0,885.0,216348.0,199396.0,132051.0,35.8,5411.0,41.8,8.9,4.1,42.5,2.7,29.9,5.0,55.4,18.2,London,33.9,17.2
Redbridge,94314.0,885.0,216348.0,199396.0,132051.0,35.8,5411.0,41.8,8.9,4.1,42.5,2.7,29.9,5.0,55.4,18.2,London,33.9,17.2
Redbridge,94314.0,885.0,216348.0,199396.0,132051.0,35.8,5411.0,41.8,8.9,4.1,42.5,2.7,29.9,5.0,55.4,18.2,London,33.9,17.2
Redbridge,94314.0,885.0,216348.0,199396.0,132051.0,35.8,5411.0,41.8,8.9,4.1,42.5,2.7,29.9,5.0,55.4,18.2,London,33.9,17.2
Leicester,113877.0,999.0,257322.0,235874.0,159763.0,31.6,4830.0,37.1,6.2,3.5,50.5,2.6,31.5,5.5,65.7,8.3,East Midlands,26.5,30.9
Leicester,113877.0,999.0,257322.0,235874.0,159763.0,31.6,4830.0,37.1,6.2,3.5,50.5,2.6,31.5,5.5,65.7,8.3,East Midlands,26.5,30.9
Leicester,113877.0,999.0,257322.0,235874.0,159763.0,31.6,4830.0,37.1,6.2,3.5,50.5,2.6,31.5,5.5,65.7,8.3,East Midlands,26.5,30.9
Leicester,113877.0,999.0,257322.0,235874.0,159763.0,31.6,4830.0,37.1,6.2,3.5,50.5,2.6,31.5,5.5,65.7,8.3,East Midlands,26.5,30.9
North Somerset,59195.0,417.0,177210.0,169225.0,143716.0,46.0,575.0,1.2,0.3,1.0,97.3,0.2,30.1,3.2,68.7,12.2,South West,25.4,15.8
North Somerset,59195.0,417.0,177210.0,169225.0,143716.0,46.0,575.0,1.2,0.3,1.0,97.3,0.2,30.1,3.2,68.7,12.2,South West,25.4,15.8
North Somerset,59195.0,417.0,177210.0,169225.0,143716.0,46.0,575.0,1.2,0.3,1.0,97.3,0.2,30.1,3.2,68.7,12.2,South West,25.4,15.8
North Somerset,59195.0,417.0,177210.0,169225.0,143716.0,46.0,575.0,1.2,0.3,1.0,97.3,0.2,30.1,3.2,68.7,12.2,South West,25.4,15.8
Torbay,37501.0,251.0,110466.0,104665.0,84742.0,49.1,2167.0,1.0,0.2,1.1,97.5,0.2,31.3,4.5,64.0,8.6,South West,17.3,28.1
Torbay,37501.0,251.0,110466.0,104665.0,84742.0,49.1,2167.0,1.0,0.2,1.1,97.5,0.2,31.3,4.5,64.0,8.6,South West,17.3,28.1
Torbay,37501.0,251.0,110466.0,104665.0,84742.0,49.1,2167.0,1.0,0.2,1.1,97.5,0.2,31.3,4.5,64.0,8.6,South West,17.3,28.1
Torbay,37501.0,251.0,110466.0,104665.0,84742.0,49.1,2167.0,1.0,0.2,1.1,97.5,0.2,31.3,4.5,64.0,8.6,South West,17.3,28.1
Shropshire,84132.0,733.0,263908.0,252361.0,212262.0,47.8,101.0,1.0,0.2,0.7,98.0,0.1,35.6,2.8,64.4,13.8,West Midlands,20.4,17.2
Shropshire,84132.0,733.0,263908.0,252361.0,212262.0,47.8,101.0,1.0,0.2,0.7,98.0,0.1,35.6,2.8,64.4,13.8,West Midlands,20.4,17.2
Shropshire,84132.0,733.0,263908.0,252361.0,212262.0,47.8,101.0,1.0,0.2,0.7,98.0,0.1,35.6,2.8,64.4,13.8,West Midlands,20.4,17.2
Shropshire,84132.0,733.0,263908.0,252361.0,212262.0,47.8,101.0,1.0,0.2,0.7,98.0,0.1,35.6,2.8,64.4,13.8,West Midlands,20.4,17.2
Doncaster,98771.0,1063.0,234163.0,220200.0,172969.0,41.2,549.0,2.5,0.8,1.1,95.3,0.4,35.9,5.5,65.0,7.9,Yorkshire and The Humber,22.1,30.3
Doncaster,98771.0,1063.0,234163.0,220200.0,172969.0,41.2,549.0,2.5,0.8,1.1,95.3,0.4,35.9,5.5,65.0,7.9,Yorkshire and The Humber,22.1,30.3
Doncaster,98771.0,1063.0,234163.0,220200.0,172969.0,41.2,549.0,2.5,0.8,1.1,95.3,0.4,35.9,5.5,65.0,7.9,Yorkshire and The Humber,22.1,30.3
Doncaster,98771.0,1063.0,234163.0,220200.0,172969.0,41.2,549.0,2.5,0.8,1.1,95.3,0.4,35.9,5.5,65.0,7.9,Yorkshire and The Humber,22.1,30.3
Havering,83155.0,976.0,185928.0,175319.0,130840.0,39.2,2310.0,4.9,4.8,2.1,87.7,0.6,35.0,5.1,69.4,8.2,London,24.4,16.8
Havering,83155.0,976.0,185928.0,175319.0,130840.0,39.2,2310.0,4.9,4.8,2.1,87.7,0.6,35.0,5.1,69.4,8.2,London,24.4,16.8
Havering,83155.0,976.0,185928.0,175319.0,130840.0,39.2,2310.0,4.9,4.8,2.1,87.7,0.6,35.0,5.1,69.4,8.2,London,24.4,16.8
Havering,83155.0,976.0,185928.0,175319.0,130840.0,39.2,2310.0,4.9,4.8,2.1,87.7,0.6,35.0,5.1,69.4,8.2,London,24.4,16.8
North East Lincolnshire,47539.0,381.0,119299.0,112397.0,86581.0,42.6,828.0,1.3,0.3,0.7,97.4,0.3,37.5,5.4,66.7,7.9,Yorkshire and The Humber,20.1,31.3
North East Lincolnshire,47539.0,381.0,119299.0,112397.0,86581.0,42.6,828.0,1.3,0.3,0.7,97.4,0.3,37.5,5.4,66.7,7.9,Yorkshire and The Humber,20.1,31.3
North East Lincolnshire,47539.0,381.0,119299.0,112397.0,86581.0,42.6,828.0,1.3,0.3,0.7,97.4,0.3,37.5,5.4,66.7,7.9,Yorkshire and The Humber,20.1,31.3
North East Lincolnshire,47539.0,381.0,119299.0,112397.0,86581.0,42.6,828.0,1.3,0.3,0.7,97.4,0.3,37.5,5.4,66.7,7.9,Yorkshire and The Humber,20.1,31.3
Southend-on-Sea,55331.0,701.0,134720.0,126784.0,97374.0,41.8,4394.0,3.7,2.1,2.1,91.6,0.5,31.4,3.5,64.8,14.0,East  ,23.9,22.4
Southend-on-Sea,55331.0,701.0,134720.0,126784.0,97374.0,41.8,4394.0,3.7,2.1,2.1,91.6,0.5,31.4,3.5,64.8,14.0,East  ,23.9,22.4
Southend-on-Sea,55331.0,701.0,134720.0,126784.0,97374.0,41.8,4394.0,3.7,2.1,2.1,91.6,0.5,31.4,3.5,64.8,14.0,East  ,23.9,22.4
Southend-on-Sea,55331.0,701.0,134720.0,126784.0,97374.0,41.8,4394.0,3.7,2.1,2.1,91.6,0.5,31.4,3.5,64.8,14.0,East  ,23.9,22.4
Southampton,73279.0,432.0,184795.0,170890.0,127573.0,32.3,5062.0,8.4,2.1,2.4,85.9,1.1,31.3,4.1,64.7,9.2,South East,22.4,26.9
Southampton,73279.0,432.0,184795.0,170890.0,127573.0,32.3,5062.0,8.4,2.1,2.4,85.9,1.1,31.3,4.1,64.7,9.2,South East,22.4,26.9
Southampton,73279.0,432.0,184795.0,170890.0,127573.0,32.3,5062.0,8.4,2.1,2.4,85.9,1.1,31.3,4.1,64.7,9.2,South East,22.4,26.9
Southampton,73279.0,432.0,184795.0,170890.0,127573.0,32.3,5062.0,8.4,2.1,2.4,85.9,1.1,31.3,4.1,64.7,9.2,South East,22.4,26.9
Wiltshire,129086.0,821.0,421660.0,402767.0,337386.0,44.9,154.0,1.3,0.7,1.2,96.6,0.2,32.7,2.8,64.4,13.0,South West,19.3,13.4
Wiltshire,129086.0,821.0,421660.0,402767.0,337386.0,44.9,154.0,1.3,0.7,1.2,96.6,0.2,32.7,2.8,64.4,13.0,South West,19.3,13.4
Wiltshire,129086.0,821.0,421660.0,402767.0,337386.0,44.9,154.0,1.3,0.7,1.2,96.6,0.2,32.7,2.8,64.4,13.0,South West,19.3,13.4
Wiltshire,129086.0,821.0,421660.0,402767.0,337386.0,44.9,154.0,1.3,0.7,1.2,96.6,0.2,32.7,2.8,64.4,13.0,South West,19.3,13.4
Manchester,181190.0,1270.0,388615.0,352968.0,234615.0,30.1,4781.0,17.1,8.6,4.6,66.6,3.1,33.4,5.6,59.3,5.7,North West,25.4,40.0
Manchester,181190.0,1270.0,388615.0,352968.0,234615.0,30.1,4781.0,17.1,8.6,4.6,66.6,3.1,33.4,5.6,59.3,5.7,North West,25.4,40.0
Manchester,181190.0,1270.0,388615.0,352968.0,234615.0,30.1,4781.0,17.1,8.6,4.6,66.6,3.1,33.4,5.6,59.3,5.7,North West,25.4,40.0
Manchester,181190.0,1270.0,388615.0,352968.0,234615.0,30.1,4781.0,17.1,8.6,4.6,66.6,3.1,33.4,5.6,59.3,5.7,North West,25.4,40.0
Walsall,86408.0,1024.0,205011.0,191028.0,137099.0,38.2,2746.0,15.2,2.4,2.7,78.9,0.8,35.8,5.4,63.9,9.3,West Midlands,26.6,31.6
Walsall,86408.0,1024.0,205011.0,191028.0,137099.0,38.2,2746.0,15.2,2.4,2.7,78.9,0.8,35.8,5.4,63.9,9.3,West Midlands,26.6,31.6
Walsall,86408.0,1024.0,205011.0,191028.0,137099.0,38.2,2746.0,15.2,2.4,2.7,78.9,0.8,35.8,5.4,63.9,9.3,West Midlands,26.6,31.6
Walsall,86408.0,1024.0,205011.0,191028.0,137099.0,38.2,2746.0,15.2,2.4,2.7,78.9,0.8,35.8,5.4,63.9,9.3,West Midlands,26.6,31.6
Camden,64914.0,330.0,178805.0,161079.0,116953.0,34.0,12393.0,16.1,8.2,5.6,66.3,3.8,25.3,4.1,53.8,15.8,London,18.4,20.1
Camden,64914.0,330.0,178805.0,161079.0,116953.0,34.0,12393.0,16.1,8.2,5.6,66.3,3.8,25.3,4.1,53.8,15.8,London,18.4,20.1
Camden,64914.0,330.0,178805.0,161079.0,116953.0,34.0,12393.0,16.1,8.2,5.6,66.3,3.8,25.3,4.1,53.8,15.8,London,18.4,20.1
Camden,64914.0,330.0,178805.0,161079.0,116953.0,34.0,12393.0,16.1,8.2,5.6,66.3,3.8,25.3,4.1,53.8,15.8,London,18.4,20.1
Croydon,114455.0,984.0,266907.0,247165.0,172715.0,37.7,4471.0,16.4,20.2,6.6,55.1,1.8,31.7,5.4,65.3,11.5,London,29.6,22.5
Croydon,114455.0,984.0,266907.0,247165.0,172715.0,37.7,4471.0,16.4,20.2,6.6,55.1,1.8,31.7,5.4,65.3,11.5,London,29.6,22.5
Croydon,114455.0,984.0,266907.0,247165.0,172715.0,37.7,4471.0,16.4,20.2,6.6,55.1,1.8,31.7,5.4,65.3,11.5,London,29.6,22.5
Croydon,114455.0,984.0,266907.0,247165.0,172715.0,37.7,4471.0,16.4,20.2,6.6,55.1,1.8,31.7,5.4,65.3,11.5,London,29.6,22.5
Hammersmith and Fulham,58274.0,299.0,143017.0,132424.0,94769.0,35.0,11287.0,9.1,11.8,5.5,68.1,5.5,24.5,5.2,62.4,13.8,London,20.0,22.3
Hammersmith and Fulham,58274.0,299.0,143017.0,132424.0,94769.0,35.0,11287.0,9.1,11.8,5.5,68.1,5.5,24.5,5.2,62.4,13.8,London,20.0,22.3
Hammersmith and Fulham,58274.0,299.0,143017.0,132424.0,94769.0,35.0,11287.0,9.1,11.8,5.5,68.1,5.5,24.5,5.2,62.4,13.8,London,20.0,22.3
Hammersmith and Fulham,58274.0,299.0,143017.0,132424.0,94769.0,35.0,11287.0,9.1,11.8,5.5,68.1,5.5,24.5,5.2,62.4,13.8,London,20.0,22.3
North Lincolnshire,47326.0,386.0,132016.0,125132.0,100600.0,44.3,204.0,2.7,0.3,0.7,96.0,0.2,35.0,4.3,62.5,10.0,Yorkshire and The Humber,17.9,22.1
North Lincolnshire,47326.0,386.0,132016.0,125132.0,100600.0,44.3,204.0,2.7,0.3,0.7,96.0,0.2,35.0,4.3,62.5,10.0,Yorkshire and The Humber,17.9,22.1
North Lincolnshire,47326.0,386.0,132016.0,125132.0,100600.0,44.3,204.0,2.7,0.3,0.7,96.0,0.2,35.0,4.3,62.5,10.0,Yorkshire and The Humber,17.9,22.1
North Lincolnshire,47326.0,386.0,132016.0,125132.0,100600.0,44.3,204.0,2.7,0.3,0.7,96.0,0.2,35.0,4.3,62.5,10.0,Yorkshire and The Humber,17.9,22.1
South Gloucestershire,85895.0,448.0,234413.0,223578.0,186829.0,40.6,574.0,2.5,0.8,1.4,95.0,0.3,31.6,3.0,72.6,9.0,South West,20.9,11.7
South Gloucestershire,85895.0,448.0,234413.0,223578.0,186829.0,40.6,574.0,2.5,0.8,1.4,95.0,0.3,31.6,3.0,72.6,9.0,South West,20.9,11.7
South Gloucestershire,85895.0,448.0,234413.0,223578.0,186829.0,40.6,574.0,2.5,0.8,1.4,95.0,0.3,31.6,3.0,72.6,9.0,South West,20.9,11.7
South Gloucestershire,85895.0,448.0,234413.0,223578.0,186829.0,40.6,574.0,2.5,0.8,1.4,95.0,0.3,31.6,3.0,72.6,9.0,South West,20.9,11.7
Plymouth,76687.0,349.0,209581.0,197052.0,150387.0,38.6,3282.0,1.5,0.7,1.3,96.1,0.4,33.0,4.3,68.2,6.7,South West,19.5,26.6
Plymouth,76687.0,349.0,209581.0,197052.0,150387.0,38.6,3282.0,1.5,0.7,1.3,96.1,0.4,33.0,4.3,68.2,6.7,South West,19.5,26.6
Plymouth,76687.0,349.0,209581.0,197052.0,150387.0,38.6,3282.0,1.5,0.7,1.3,96.1,0.4,33.0,4.3,68.2,6.7,South West,19.5,26.6
Plymouth,76687.0,349.0,209581.0,197052.0,150387.0,38.6,3282.0,1.5,0.7,1.3,96.1,0.4,33.0,4.3,68.2,6.7,South West,19.5,26.6
Windsor and Maidenhead,45812.0,333.0,122795.0,117084.0,94941.0,42.3,771.0,9.6,1.2,2.3,86.1,0.8,27.3,2.6,67.2,13.1,South East,23.8,8.4
Windsor and Maidenhead,45812.0,333.0,122795.0,117084.0,94941.0,42.3,771.0,9.6,1.2,2.3,86.1,0.8,27.3,2.6,67.2,13.1,South East,23.8,8.4
Windsor and Maidenhead,45812.0,333.0,122795.0,117084.0,94941.0,42.3,771.0,9.6,1.2,2.3,86.1,0.8,27.3,2.6,67.2,13.1,South East,23.8,8.4
Windsor and Maidenhead,45812.0,333.0,122795.0,117084.0,94941.0,42.3,771.0,9.6,1.2,2.3,86.1,0.8,27.3,2.6,67.2,13.1,South East,23.8,8.4
Salford,89418.0,740.0,188343.0,173471.0,119727.0,34.8,2663.0,4.0,2.8,2.0,90.1,1.1,30.2,4.4,67.2,7.1,North West,21.0,34.2
Salford,89418.0,740.0,188343.0,173471.0,119727.0,34.8,2663.0,4.0,2.8,2.0,90.1,1.1,30.2,4.4,67.2,7.1,North West,21.0,34.2
Salford,89418.0,740.0,188343.0,173471.0,119727.0,34.8,2663.0,4.0,2.8,2.0,90.1,1.1,30.2,4.4,67.2,7.1,North West,21.0,34.2
Salford,89418.0,740.0,188343.0,173471.0,119727.0,34.8,2663.0,4.0,2.8,2.0,90.1,1.1,30.2,4.4,67.2,7.1,North West,21.0,34.2
Sheffield,170848.0,1489.0,428179.0,401133.0,308356.0,35.4,1590.0,8.0,3.6,2.4,83.7,2.2,32.2,4.1,66.1,7.4,Yorkshire and The Humber,22.6,27.1
Sheffield,170848.0,1489.0,428179.0,401133.0,308356.0,35.4,1590.0,8.0,3.6,2.4,83.7,2.2,32.2,4.1,66.1,7.4,Yorkshire and The Humber,22.6,27.1
Sheffield,170848.0,1489.0,428179.0,401133.0,308356.0,35.4,1590.0,8.0,3.6,2.4,83.7,2.2,32.2,4.1,66.1,7.4,Yorkshire and The Humber,22.6,27.1
Sheffield,170848.0,1489.0,428179.0,401133.0,308356.0,35.4,1590.0,8.0,3.6,2.4,83.7,2.2,32.2,4.1,66.1,7.4,Yorkshire and The Humber,22.6,27.1
Dudley,100170.0,964.0,242128.0,228446.0,177804.0,42.0,3283.0,6.1,1.5,1.8,90.0,0.6,31.6,4.7,64.1,8.3,West Midlands,23.7,24.1
Dudley,100170.0,964.0,242128.0,228446.0,177804.0,42.0,3283.0,6.1,1.5,1.8,90.0,0.6,31.6,4.7,64.1,8.3,West Midlands,23.7,24.1
Dudley,100170.0,964.0,242128.0,228446.0,177804.0,42.0,3283.0,6.1,1.5,1.8,90.0,0.6,31.6,4.7,64.1,8.3,West Midlands,23.7,24.1
Dudley,100170.0,964.0,242128.0,228446.0,177804.0,42.0,3283.0,6.1,1.5,1.8,90.0,0.6,31.6,4.7,64.1,8.3,West Midlands,23.7,24.1
Solihull,66455.0,656.0,167888.0,158894.0,128409.0,43.1,1214.0,6.6,1.6,2.1,89.1,0.6,30.8,3.6,67.5,8.0,West Midlands,22.6,17.4
Solihull,66455.0,656.0,167888.0,158894.0,128409.0,43.1,1214.0,6.6,1.6,2.1,89.1,0.6,30.8,3.6,67.5,8.0,West Midlands,22.6,17.4
Solihull,66455.0,656.0,167888.0,158894.0,128409.0,43.1,1214.0,6.6,1.6,2.1,89.1,0.6,30.8,3.6,67.5,8.0,West Midlands,22.6,17.4
Solihull,66455.0,656.0,167888.0,158894.0,128409.0,43.1,1214.0,6.6,1.6,2.1,89.1,0.6,30.8,3.6,67.5,8.0,West Midlands,22.6,17.4
Calderdale,61716.0,448.0,158428.0,149176.0,115596.0,42.2,581.0,8.3,0.4,1.4,89.7,0.2,35.5,3.7,59.7,10.5,Yorkshire and The Humber,22.4,26.4
Calderdale,61716.0,448.0,158428.0,149176.0,115596.0,42.2,581.0,8.3,0.4,1.4,89.7,0.2,35.5,3.7,59.7,10.5,Yorkshire and The Humber,22.4,26.4
Calderdale,61716.0,448.0,158428.0,149176.0,115596.0,42.2,581.0,8.3,0.4,1.4,89.7,0.2,35.5,3.7,59.7,10.5,Yorkshire and The Humber,22.4,26.4
Calderdale,61716.0,448.0,158428.0,149176.0,115596.0,42.2,581.0,8.3,0.4,1.4,89.7,0.2,35.5,3.7,59.7,10.5,Yorkshire and The Humber,22.4,26.4
Lambeth,103173.0,610.0,241350.0,224536.0,164572.0,33.3,12156.0,6.9,25.9,7.6,57.1,2.4,22.6,4.8,64.4,10.8,London,19.8,25.4
Lambeth,103173.0,610.0,241350.0,224536.0,164572.0,33.3,12156.0,6.9,25.9,7.6,57.1,2.4,22.6,4.8,64.4,10.8,London,19.8,25.4
Lambeth,103173.0,610.0,241350.0,224536.0,164572.0,33.3,12156.0,6.9,25.9,7.6,57.1,2.4,22.6,4.8,64.4,10.8,London,19.8,25.4
Lambeth,103173.0,610.0,241350.0,224536.0,164572.0,33.3,12156.0,6.9,25.9,7.6,57.1,2.4,22.6,4.8,64.4,10.8,London,19.8,25.4
"Herefordshire, County of",45421.0,350.0,154466.0,147255.0,123481.0,47.4,88.0,0.8,0.2,0.7,98.2,0.1,36.2,2.2,61.4,16.9,West Midlands,17.5,18.9
"Herefordshire, County of",45421.0,350.0,154466.0,147255.0,123481.0,47.4,88.0,0.8,0.2,0.7,98.2,0.1,36.2,2.2,61.4,16.9,West Midlands,17.5,18.9
"Herefordshire, County of",45421.0,350.0,154466.0,147255.0,123481.0,47.4,88.0,0.8,0.2,0.7,98.2,0.1,36.2,2.2,61.4,16.9,West Midlands,17.5,18.9
"Herefordshire, County of",45421.0,350.0,154466.0,147255.0,123481.0,47.4,88.0,0.8,0.2,0.7,98.2,0.1,36.2,2.2,61.4,16.9,West Midlands,17.5,18.9
Cheshire East,114633.0,1043.0,321392.0,306379.0,256316.0,46.4,329.0,1.6,0.4,1.0,96.7,0.2,33.3,2.8,67.2,9.3,North West,21.2,14.5
Cheshire East,114633.0,1043.0,321392.0,306379.0,256316.0,46.4,329.0,1.6,0.4,1.0,96.7,0.2,33.3,2.8,67.2,9.3,North West,21.2,14.5
Cheshire East,114633.0,1043.0,321392.0,306379.0,256316.0,46.4,329.0,1.6,0.4,1.0,96.7,0.2,33.3,2.8,67.2,9.3,North West,21.2,14.5
Cheshire East,114633.0,1043.0,321392.0,306379.0,256316.0,46.4,329.0,1.6,0.4,1.0,96.7,0.2,33.3,2.8,67.2,9.3,North West,21.2,14.5
Central Bedfordshire,87266.0,730.0,227079.0,216159.0,172432.0,41.1,403.0,2.5,1.4,1.9,93.8,0.3,33.4,2.3,72.9,8.7,East  ,23.0,12.2
Central Bedfordshire,87266.0,730.0,227079.0,216159.0,172432.0,41.1,403.0,2.5,1.4,1.9,93.8,0.3,33.4,2.3,72.9,8.7,East  ,23.0,12.2
Central Bedfordshire,87266.0,730.0,227079.0,216159.0,172432.0,41.1,403.0,2.5,1.4,1.9,93.8,0.3,33.4,2.3,72.9,8.7,East  ,23.0,12.2
Central Bedfordshire,87266.0,730.0,227079.0,216159.0,172432.0,41.1,403.0,2.5,1.4,1.9,93.8,0.3,33.4,2.3,72.9,8.7,East  ,23.0,12.2
Rotherham,85189.0,983.0,205469.0,194985.0,153738.0,41.9,926.0,4.1,0.8,1.0,93.6,0.5,33.9,5.1,62.4,10.1,Yorkshire and The Humber,22.9,29.6
Rotherham,85189.0,983.0,205469.0,194985.0,153738.0,41.9,926.0,4.1,0.8,1.0,93.6,0.5,33.9,5.1,62.4,10.1,Yorkshire and The Humber,22.9,29.6
Rotherham,85189.0,983.0,205469.0,194985.0,153738.0,41.9,926.0,4.1,0.8,1.0,93.6,0.5,33.9,5.1,62.4,10.1,Yorkshire and The Humber,22.9,29.6
Rotherham,85189.0,983.0,205469.0,194985.0,153738.0,41.9,926.0,4.1,0.8,1.0,93.6,0.5,33.9,5.1,62.4,10.1,Yorkshire and The Humber,22.9,29.6
Kirklees,127649.0,1081.0,323159.0,303665.0,224051.0,39.7,1076.0,16.0,1.9,2.3,79.1,0.6,29.2,4.1,63.1,9.8,Yorkshire and The Humber,25.0,25.2
Kirklees,127649.0,1081.0,323159.0,303665.0,224051.0,39.7,1076.0,16.0,1.9,2.3,79.1,0.6,29.2,4.1,63.1,9.8,Yorkshire and The Humber,25.0,25.2
Kirklees,127649.0,1081.0,323159.0,303665.0,224051.0,39.7,1076.0,16.0,1.9,2.3,79.1,0.6,29.2,4.1,63.1,9.8,Yorkshire and The Humber,25.0,25.2
Kirklees,127649.0,1081.0,323159.0,303665.0,224051.0,39.7,1076.0,16.0,1.9,2.3,79.1,0.6,29.2,4.1,63.1,9.8,Yorkshire and The Humber,25.0,25.2
Sutton,66440.0,522.0,155185.0,146036.0,111600.0,39.5,4706.0,11.6,4.8,3.8,78.6,1.3,29.0,4.1,61.8,15.6,London,31.3,14.0
Sutton,66440.0,522.0,155185.0,146036.0,111600.0,39.5,4706.0,11.6,4.8,3.8,78.6,1.3,29.0,4.1,61.8,15.6,London,31.3,14.0
Sutton,66440.0,522.0,155185.0,146036.0,111600.0,39.5,4706.0,11.6,4.8,3.8,78.6,1.3,29.0,4.1,61.8,15.6,London,31.3,14.0
Sutton,66440.0,522.0,155185.0,146036.0,111600.0,39.5,4706.0,11.6,4.8,3.8,78.6,1.3,29.0,4.1,61.8,15.6,London,31.3,14.0
Blackburn with Darwen,53304.0,528.0,109369.0,100370.0,63817.0,36.5,1092.0,28.1,0.6,1.2,69.2,0.8,35.5,4.8,59.7,8.2,North West,24.6,36.0
Blackburn with Darwen,53304.0,528.0,109369.0,100370.0,63817.0,36.5,1092.0,28.1,0.6,1.2,69.2,0.8,35.5,4.8,59.7,8.2,North West,24.6,36.0
Blackburn with Darwen,53304.0,528.0,109369.0,100370.0,63817.0,36.5,1092.0,28.1,0.6,1.2,69.2,0.8,35.5,4.8,59.7,8.2,North West,24.6,36.0
Blackburn with Darwen,53304.0,528.0,109369.0,100370.0,63817.0,36.5,1092.0,28.1,0.6,1.2,69.2,0.8,35.5,4.8,59.7,8.2,North West,24.6,36.0
Slough,48738.0,359.0,107415.0,98273.0,65044.0,35.0,4595.0,39.7,8.6,3.4,45.7,2.6,35.8,4.5,63.5,10.0,South East,36.0,23.0
Slough,48738.0,359.0,107415.0,98273.0,65044.0,35.0,4595.0,39.7,8.6,3.4,45.7,2.6,35.8,4.5,63.5,10.0,South East,36.0,23.0
Slough,48738.0,359.0,107415.0,98273.0,65044.0,35.0,4595.0,39.7,8.6,3.4,45.7,2.6,35.8,4.5,63.5,10.0,South East,36.0,23.0
Slough,48738.0,359.0,107415.0,98273.0,65044.0,35.0,4595.0,39.7,8.6,3.4,45.7,2.6,35.8,4.5,63.5,10.0,South East,36.0,23.0
Sefton,89410.0,989.0,213466.0,202062.0,160314.0,46.5,1765.0,1.0,0.3,1.0,97.4,0.3,34.7,3.0,66.9,8.8,North West,17.6,27.0
Sefton,89410.0,989.0,213466.0,202062.0,160314.0,46.5,1765.0,1.0,0.3,1.0,97.4,0.3,34.7,3.0,66.9,8.8,North West,17.6,27.0
Sefton,89410.0,989.0,213466.0,202062.0,160314.0,46.5,1765.0,1.0,0.3,1.0,97.4,0.3,34.7,3.0,66.9,8.8,North West,17.6,27.0
Sefton,89410.0,989.0,213466.0,202062.0,160314.0,46.5,1765.0,1.0,0.3,1.0,97.4,0.3,34.7,3.0,66.9,8.8,North West,17.6,27.0
Sunderland,90237.0,1012.0,218100.0,205653.0,160333.0,42.2,2021.0,2.7,0.5,0.6,95.9,0.3,33.6,7.0,64.2,7.6,North East,19.7,30.6
Sunderland,90237.0,1012.0,218100.0,205653.0,160333.0,42.2,2021.0,2.7,0.5,0.6,95.9,0.3,33.6,7.0,64.2,7.6,North East,19.7,30.6
Sunderland,90237.0,1012.0,218100.0,205653.0,160333.0,42.2,2021.0,2.7,0.5,0.6,95.9,0.3,33.6,7.0,64.2,7.6,North East,19.7,30.6
Sunderland,90237.0,1012.0,218100.0,205653.0,160333.0,42.2,2021.0,2.7,0.5,0.6,95.9,0.3,33.6,7.0,64.2,7.6,North East,19.7,30.6
Birmingham,323478.0,3385.0,749383.0,681657.0,448915.0,32.6,4264.0,26.6,9.0,4.4,57.9,2.0,36.0,7.8,56.7,9.3,West Midlands,26.8,38.1
Birmingham,323478.0,3385.0,749383.0,681657.0,448915.0,32.6,4264.0,26.6,9.0,4.4,57.9,2.0,36.0,7.8,56.7,9.3,West Midlands,26.8,38.1
Birmingham,323478.0,3385.0,749383.0,681657.0,448915.0,32.6,4264.0,26.6,9.0,4.4,57.9,2.0,36.0,7.8,56.7,9.3,West Midlands,26.8,38.1
Birmingham,323478.0,3385.0,749383.0,681657.0,448915.0,32.6,4264.0,26.6,9.0,4.4,57.9,2.0,36.0,7.8,56.7,9.3,West Midlands,26.8,38.1
Coventry,102861.0,751.0,256694.0,235516.0,171662.0,32.1,3766.0,16.3,5.6,2.6,73.8,1.7,29.7,4.3,63.7,7.7,West Midlands,23.3,25.6
Coventry,102861.0,751.0,256694.0,235516.0,171662.0,32.1,3766.0,16.3,5.6,2.6,73.8,1.7,29.7,4.3,63.7,7.7,West Midlands,23.3,25.6
Coventry,102861.0,751.0,256694.0,235516.0,171662.0,32.1,3766.0,16.3,5.6,2.6,73.8,1.7,29.7,4.3,63.7,7.7,West Midlands,23.3,25.6
Coventry,102861.0,751.0,256694.0,235516.0,171662.0,32.1,3766.0,16.3,5.6,2.6,73.8,1.7,29.7,4.3,63.7,7.7,West Midlands,23.3,25.6
Sandwell,103996.0,1229.0,232022.0,213793.0,145053.0,36.7,3839.0,19.2,6.0,3.3,69.9,1.6,31.0,5.3,64.1,6.1,West Midlands,24.1,34.9
Sandwell,103996.0,1229.0,232022.0,213793.0,145053.0,36.7,3839.0,19.2,6.0,3.3,69.9,1.6,31.0,5.3,64.1,6.1,West Midlands,24.1,34.9
Sandwell,103996.0,1229.0,232022.0,213793.0,145053.0,36.7,3839.0,19.2,6.0,3.3,69.9,1.6,31.0,5.3,64.1,6.1,West Midlands,24.1,34.9
Sandwell,103996.0,1229.0,232022.0,213793.0,145053.0,36.7,3839.0,19.2,6.0,3.3,69.9,1.6,31.0,5.3,64.1,6.1,West Midlands,24.1,34.9
Wakefield,107787.0,1004.0,270602.0,255332.0,199342.0,41.6,1029.0,2.6,0.8,0.9,95.4,0.3,33.2,4.4,67.2,7.7,Yorkshire and The Humber,22.2,27.3
Wakefield,107787.0,1004.0,270602.0,255332.0,199342.0,41.6,1029.0,2.6,0.8,0.9,95.4,0.3,33.2,4.4,67.2,7.7,Yorkshire and The Humber,22.2,27.3
Wakefield,107787.0,1004.0,270602.0,255332.0,199342.0,41.6,1029.0,2.6,0.8,0.9,95.4,0.3,33.2,4.4,67.2,7.7,Yorkshire and The Humber,22.2,27.3
Wakefield,107787.0,1004.0,270602.0,255332.0,199342.0,41.6,1029.0,2.6,0.8,0.9,95.4,0.3,33.2,4.4,67.2,7.7,Yorkshire and The Humber,22.2,27.3
Barking and Dagenham,65671.0,557.0,133560.0,120499.0,70208.0,32.5,5898.0,15.9,20.0,4.2,58.3,1.6,33.1,6.5,57.5,10.1,London,36.3,32.8
Barking and Dagenham,65671.0,557.0,133560.0,120499.0,70208.0,32.5,5898.0,15.9,20.0,4.2,58.3,1.6,33.1,6.5,57.5,10.1,London,36.3,32.8
Barking and Dagenham,65671.0,557.0,133560.0,120499.0,70208.0,32.5,5898.0,15.9,20.0,4.2,58.3,1.6,33.1,6.5,57.5,10.1,London,36.3,32.8
Barking and Dagenham,65671.0,557.0,133560.0,120499.0,70208.0,32.5,5898.0,15.9,20.0,4.2,58.3,1.6,33.1,6.5,57.5,10.1,London,36.3,32.8
Brent,95364.0,846.0,245706.0,224556.0,147887.0,35.7,7628.0,34.1,18.8,5.1,36.3,5.8,35.9,4.3,53.9,15.5,London,22.7,25.6
Brent,95364.0,846.0,245706.0,224556.0,147887.0,35.7,7628.0,34.1,18.8,5.1,36.3,5.8,35.9,4.3,53.9,15.5,London,22.7,25.6
Brent,95364.0,846.0,245706.0,224556.0,147887.0,35.7,7628.0,34.1,18.8,5.1,36.3,5.8,35.9,4.3,53.9,15.5,London,22.7,25.6
Brent,95364.0,846.0,245706.0,224556.0,147887.0,35.7,7628.0,34.1,18.8,5.1,36.3,5.8,35.9,4.3,53.9,15.5,London,22.7,25.6
Greenwich,82882.0,532.0,199008.0,183721.0,130372.0,35.0,6086.0,11.7,19.1,4.8,62.5,1.9,32.8,5.0,63.2,12.5,London,30.4,24.5
Greenwich,82882.0,532.0,199008.0,183721.0,130372.0,35.0,6086.0,11.7,19.1,4.8,62.5,1.9,32.8,5.0,63.2,12.5,London,30.4,24.5
Greenwich,82882.0,532.0,199008.0,183721.0,130372.0,35.0,6086.0,11.7,19.1,4.8,62.5,1.9,32.8,5.0,63.2,12.5,London,30.4,24.5
Greenwich,82882.0,532.0,199008.0,183721.0,130372.0,35.0,6086.0,11.7,19.1,4.8,62.5,1.9,32.8,5.0,63.2,12.5,London,30.4,24.5
Tower Hamlets,98604.0,476.0,236985.0,213579.0,136073.0,31.6,16427.0,41.1,7.3,4.1,45.2,2.3,27.5,5.4,60.5,9.9,London,23.5,27.9
Tower Hamlets,98604.0,476.0,236985.0,213579.0,136073.0,31.6,16427.0,41.1,7.3,4.1,45.2,2.3,27.5,5.4,60.5,9.9,London,23.5,27.9
Tower Hamlets,98604.0,476.0,236985.0,213579.0,136073.0,31.6,16427.0,41.1,7.3,4.1,45.2,2.3,27.5,5.4,60.5,9.9,London,23.5,27.9
Tower Hamlets,98604.0,476.0,236985.0,213579.0,136073.0,31.6,16427.0,41.1,7.3,4.1,45.2,2.3,27.5,5.4,60.5,9.9,London,23.5,27.9
"Kingston upon Hull, City of",82219.0,795.0,190723.0,176408.0,130917.0,35.8,3629.0,2.5,1.2,1.3,94.1,0.8,35.8,7.1,68.0,7.1,Yorkshire and The Humber,21.4,40.6
"Kingston upon Hull, City of",82219.0,795.0,190723.0,176408.0,130917.0,35.8,3629.0,2.5,1.2,1.3,94.1,0.8,35.8,7.1,68.0,7.1,Yorkshire and The Humber,21.4,40.6
"Kingston upon Hull, City of",82219.0,795.0,190723.0,176408.0,130917.0,35.8,3629.0,2.5,1.2,1.3,94.1,0.8,35.8,7.1,68.0,7.1,Yorkshire and The Humber,21.4,40.6
"Kingston upon Hull, City of",82219.0,795.0,190723.0,176408.0,130917.0,35.8,3629.0,2.5,1.2,1.3,94.1,0.8,35.8,7.1,68.0,7.1,Yorkshire and The Humber,21.4,40.6
Rutland,10365.0,81.0,34289.0,32587.0,26979.0,47.6,105.0,1.0,0.7,1.0,97.1,0.2,24.3,2.8,59.2,13.1,East Midlands,17.1,8.4
Rutland,10365.0,81.0,34289.0,32587.0,26979.0,47.6,105.0,1.0,0.7,1.0,97.1,0.2,24.3,2.8,59.2,13.1,East Midlands,17.1,8.4
Rutland,10365.0,81.0,34289.0,32587.0,26979.0,47.6,105.0,1.0,0.7,1.0,97.1,0.2,24.3,2.8,59.2,13.1,East Midlands,17.1,8.4
Rutland,10365.0,81.0,34289.0,32587.0,26979.0,47.6,105.0,1.0,0.7,1.0,97.1,0.2,24.3,2.8,59.2,13.1,East Midlands,17.1,8.4
Isle of Wight,34510.0,352.0,113415.0,108210.0,90377.0,50.6,373.0,1.1,0.2,1.2,97.3,0.1,35.5,4.0,61.3,11.8,South East,16.8,23.3
Isle of Wight,34510.0,352.0,113415.0,108210.0,90377.0,50.6,373.0,1.1,0.2,1.2,97.3,0.1,35.5,4.0,61.3,11.8,South East,16.8,23.3
Isle of Wight,34510.0,352.0,113415.0,108210.0,90377.0,50.6,373.0,1.1,0.2,1.2,97.3,0.1,35.5,4.0,61.3,11.8,South East,16.8,23.3
Isle of Wight,34510.0,352.0,113415.0,108210.0,90377.0,50.6,373.0,1.1,0.2,1.2,97.3,0.1,35.5,4.0,61.3,11.8,South East,16.8,23.3
Wigan,108083.0,1208.0,248961.0,234035.0,177488.0,42.1,1747.0,1.1,0.5,0.9,97.3,0.2,32.6,3.5,66.2,10.8,North West,22.8,25.7
Wigan,108083.0,1208.0,248961.0,234035.0,177488.0,42.1,1747.0,1.1,0.5,0.9,97.3,0.2,32.6,3.5,66.2,10.8,North West,22.8,25.7
Wigan,108083.0,1208.0,248961.0,234035.0,177488.0,42.1,1747.0,1.1,0.5,0.9,97.3,0.2,32.6,3.5,66.2,10.8,North West,22.8,25.7
Wigan,108083.0,1208.0,248961.0,234035.0,177488.0,42.1,1747.0,1.1,0.5,0.9,97.3,0.2,32.6,3.5,66.2,10.8,North West,22.8,25.7
Bromley,98686.0,725.0,249960.0,237694.0,191496.0,40.9,2214.0,5.2,6.0,3.5,84.3,0.9,33.8,3.3,65.3,11.6,London,28.2,14.2
Bromley,98686.0,725.0,249960.0,237694.0,191496.0,40.9,2214.0,5.2,6.0,3.5,84.3,0.9,33.8,3.3,65.3,11.6,London,28.2,14.2
Bromley,98686.0,725.0,249960.0,237694.0,191496.0,40.9,2214.0,5.2,6.0,3.5,84.3,0.9,33.8,3.3,65.3,11.6,London,28.2,14.2
Bromley,98686.0,725.0,249960.0,237694.0,191496.0,40.9,2214.0,5.2,6.0,3.5,84.3,0.9,33.8,3.3,65.3,11.6,London,28.2,14.2
Harrow,75015.0,610.0,190739.0,178346.0,133466.0,38.3,4977.0,42.6,8.2,4.0,42.2,2.9,31.4,4.4,57.0,12.8,London,29.6,15.0
Harrow,75015.0,610.0,190739.0,178346.0,133466.0,38.3,4977.0,42.6,8.2,4.0,42.2,2.9,31.4,4.4,57.0,12.8,London,29.6,15.0
Harrow,75015.0,610.0,190739.0,178346.0,133466.0,38.3,4977.0,42.6,8.2,4.0,42.2,2.9,31.4,4.4,57.0,12.8,London,29.6,15.0
Harrow,75015.0,610.0,190739.0,178346.0,133466.0,38.3,4977.0,42.6,8.2,4.0,42.2,2.9,31.4,4.4,57.0,12.8,London,29.6,15.0
Lewisham,87758.0,654.0,203811.0,188841.0,134751.0,35.2,8702.0,9.3,27.2,7.4,53.5,2.6,33.7,4.3,69.6,12.4,London,24.4,26.7
Lewisham,87758.0,654.0,203811.0,188841.0,134751.0,35.2,8702.0,9.3,27.2,7.4,53.5,2.6,33.7,4.3,69.6,12.4,London,24.4,26.7
Lewisham,87758.0,654.0,203811.0,188841.0,134751.0,35.2,8702.0,9.3,27.2,7.4,53.5,2.6,33.7,4.3,69.6,12.4,London,24.4,26.7
Lewisham,87758.0,654.0,203811.0,188841.0,134751.0,35.2,8702.0,9.3,27.2,7.4,53.5,2.6,33.7,4.3,69.6,12.4,London,24.4,26.7
Blackpool,44951.0,578.0,108114.0,100534.0,77500.0,43.4,3999.0,1.6,0.2,1.2,96.7,0.2,32.1,6.3,64.9,9.2,North West,21.7,45.0
Blackpool,44951.0,578.0,108114.0,100534.0,77500.0,43.4,3999.0,1.6,0.2,1.2,96.7,0.2,32.1,6.3,64.9,9.2,North West,21.7,45.0
Blackpool,44951.0,578.0,108114.0,100534.0,77500.0,43.4,3999.0,1.6,0.2,1.2,96.7,0.2,32.1,6.3,64.9,9.2,North West,21.7,45.0
Blackpool,44951.0,578.0,108114.0,100534.0,77500.0,43.4,3999.0,1.6,0.2,1.2,96.7,0.2,32.1,6.3,64.9,9.2,North West,21.7,45.0
Bath and North East Somerset,53103.0,291.0,154981.0,146820.0,121870.0,38.2,559.0,2.6,0.8,1.6,94.6,0.4,33.5,3.1,67.5,12.1,South West,20.8,11.7
Bath and North East Somerset,53103.0,291.0,154981.0,146820.0,121870.0,38.2,559.0,2.6,0.8,1.6,94.6,0.4,33.5,3.1,67.5,12.1,South West,20.8,11.7
Bath and North East Somerset,53103.0,291.0,154981.0,146820.0,121870.0,38.2,559.0,2.6,0.8,1.6,94.6,0.4,33.5,3.1,67.5,12.1,South West,20.8,11.7
Bath and North East Somerset,53103.0,291.0,154981.0,146820.0,121870.0,38.2,559.0,2.6,0.8,1.6,94.6,0.4,33.5,3.1,67.5,12.1,South West,20.8,11.7
Luton,70619.0,665.0,147905.0,134647.0,84456.0,34.6,4914.0,30.0,9.8,4.1,54.7,1.5,31.6,4.3,61.3,9.6,East  ,31.2,25.9
Luton,70619.0,665.0,147905.0,134647.0,84456.0,34.6,4914.0,30.0,9.8,4.1,54.7,1.5,31.6,4.3,61.3,9.6,East  ,31.2,25.9
Luton,70619.0,665.0,147905.0,134647.0,84456.0,34.6,4914.0,30.0,9.8,4.1,54.7,1.5,31.6,4.3,61.3,9.6,East  ,31.2,25.9
Luton,70619.0,665.0,147905.0,134647.0,84456.0,34.6,4914.0,30.0,9.8,4.1,54.7,1.5,31.6,4.3,61.3,9.6,East  ,31.2,25.9
Portsmouth,63554.0,450.0,162493.0,152166.0,116411.0,34.1,5321.0,6.1,1.8,2.7,88.4,1.1,30.6,4.0,64.2,8.3,South East,21.6,26.9
Portsmouth,63554.0,450.0,162493.0,152166.0,116411.0,34.1,5321.0,6.1,1.8,2.7,88.4,1.1,30.6,4.0,64.2,8.3,South East,21.6,26.9
Portsmouth,63554.0,450.0,162493.0,152166.0,116411.0,34.1,5321.0,6.1,1.8,2.7,88.4,1.1,30.6,4.0,64.2,8.3,South East,21.6,26.9
Portsmouth,63554.0,450.0,162493.0,152166.0,116411.0,34.1,5321.0,6.1,1.8,2.7,88.4,1.1,30.6,4.0,64.2,8.3,South East,21.6,26.9
Bedford,57806.0,605.0,135928.0,128280.0,97244.0,40.5,364.0,11.4,3.9,3.4,80.5,0.7,32.6,3.6,75.5,9.3,East  ,21.5,18.9
Bedford,57806.0,605.0,135928.0,128280.0,97244.0,40.5,364.0,11.4,3.9,3.4,80.5,0.7,32.6,3.6,75.5,9.3,East  ,21.5,18.9
Bedford,57806.0,605.0,135928.0,128280.0,97244.0,40.5,364.0,11.4,3.9,3.4,80.5,0.7,32.6,3.6,75.5,9.3,East  ,21.5,18.9
Bedford,57806.0,605.0,135928.0,128280.0,97244.0,40.5,364.0,11.4,3.9,3.4,80.5,0.7,32.6,3.6,75.5,9.3,East  ,21.5,18.9
Liverpool,162512.0,1541.0,347329.0,320154.0,228663.0,34.8,4453.0,4.2,2.6,2.5,88.9,1.8,30.4,4.4,62.7,6.2,North West,20.0,42.4
Liverpool,162512.0,1541.0,347329.0,320154.0,228663.0,34.8,4453.0,4.2,2.6,2.5,88.9,1.8,30.4,4.4,62.7,6.2,North West,20.0,42.4
Liverpool,162512.0,1541.0,347329.0,320154.0,228663.0,34.8,4453.0,4.2,2.6,2.5,88.9,1.8,30.4,4.4,62.7,6.2,North West,20.0,42.4
Liverpool,162512.0,1541.0,347329.0,320154.0,228663.0,34.8,4453.0,4.2,2.6,2.5,88.9,1.8,30.4,4.4,62.7,6.2,North West,20.0,42.4
Bexley,75090.0,675.0,178737.0,168142.0,126503.0,38.9,4099.0,6.6,8.5,2.3,81.9,0.8,29.0,4.4,68.0,9.4,London,27.1,16.3
Bexley,75090.0,675.0,178737.0,168142.0,126503.0,38.9,4099.0,6.6,8.5,2.3,81.9,0.8,29.0,4.4,68.0,9.4,London,27.1,16.3
Bexley,75090.0,675.0,178737.0,168142.0,126503.0,38.9,4099.0,6.6,8.5,2.3,81.9,0.8,29.0,4.4,68.0,9.4,London,27.1,16.3
Bexley,75090.0,675.0,178737.0,168142.0,126503.0,38.9,4099.0,6.6,8.5,2.3,81.9,0.8,29.0,4.4,68.0,9.4,London,27.1,16.3
Southwark,94023.0,451.0,232865.0,213777.0,153818.0,33.6,11045.0,9.4,26.9,6.2,54.2,3.3,31.4,4.3,66.0,12.6,London,23.3,25.8
Southwark,94023.0,451.0,232865.0,213777.0,153818.0,33.6,11045.0,9.4,26.9,6.2,54.2,3.3,31.4,4.3,66.0,12.6,London,23.3,25.8
Southwark,94023.0,451.0,232865.0,213777.0,153818.0,33.6,11045.0,9.4,26.9,6.2,54.2,3.3,31.4,4.3,66.0,12.6,London,23.3,25.8
Southwark,94023.0,451.0,232865.0,213777.0,153818.0,33.6,11045.0,9.4,26.9,6.2,54.2,3.3,31.4,4.3,66.0,12.6,London,23.3,25.8
Waltham Forest,83613.0,599.0,184148.0,170897.0,114875.0,35.2,7137.0,21.1,17.3,5.3,52.2,4.1,31.9,5.4,58.5,12.4,London,25.9,25.2
Waltham Forest,83613.0,599.0,184148.0,170897.0,114875.0,35.2,7137.0,21.1,17.3,5.3,52.2,4.1,31.9,5.4,58.5,12.4,London,25.9,25.2
Waltham Forest,83613.0,599.0,184148.0,170897.0,114875.0,35.2,7137.0,21.1,17.3,5.3,52.2,4.1,31.9,5.4,58.5,12.4,London,25.9,25.2
Waltham Forest,83613.0,599.0,184148.0,170897.0,114875.0,35.2,7137.0,21.1,17.3,5.3,52.2,4.1,31.9,5.4,58.5,12.4,London,25.9,25.2
Halton,44918.0,345.0,96639.0,90856.0,69433.0,40.9,1636.0,0.7,0.2,1.1,97.8,0.1,30.0,3.7,68.3,5.3,North West,23.5,32.3
Halton,44918.0,345.0,96639.0,90856.0,69433.0,40.9,1636.0,0.7,0.2,1.1,97.8,0.1,30.0,3.7,68.3,5.3,North West,23.5,32.3
Halton,44918.0,345.0,96639.0,90856.0,69433.0,40.9,1636.0,0.7,0.2,1.1,97.8,0.1,30.0,3.7,68.3,5.3,North West,23.5,32.3
Halton,44918.0,345.0,96639.0,90856.0,69433.0,40.9,1636.0,0.7,0.2,1.1,97.8,0.1,30.0,3.7,68.3,5.3,North West,23.5,32.3
Peterborough,68479.0,435.0,148280.0,137365.0,100611.0,36.7,589.0,11.7,2.3,2.7,82.5,0.8,32.9,4.9,66.6,8.2,East  ,26.4,27.8
Peterborough,68479.0,435.0,148280.0,137365.0,100611.0,36.7,589.0,11.7,2.3,2.7,82.5,0.8,32.9,4.9,66.6,8.2,East  ,26.4,27.8
Peterborough,68479.0,435.0,148280.0,137365.0,100611.0,36.7,589.0,11.7,2.3,2.7,82.5,0.8,32.9,4.9,66.6,8.2,East  ,26.4,27.8
Peterborough,68479.0,435.0,148280.0,137365.0,100611.0,36.7,589.0,11.7,2.3,2.7,82.5,0.8,32.9,4.9,66.6,8.2,East  ,26.4,27.8
Thurrock,58104.0,530.0,117285.0,109127.0,75596.0,36.9,1064.0,3.8,7.8,2.0,85.9,0.6,29.2,4.1,65.2,10.3,East  ,29.9,20.9
Thurrock,58104.0,530.0,117285.0,109127.0,75596.0,36.9,1064.0,3.8,7.8,2.0,85.9,0.6,29.2,4.1,65.2,10.3,East  ,29.9,20.9
Thurrock,58104.0,530.0,117285.0,109127.0,75596.0,36.9,1064.0,3.8,7.8,2.0,85.9,0.6,29.2,4.1,65.2,10.3,East  ,29.9,20.9
Thurrock,58104.0,530.0,117285.0,109127.0,75596.0,36.9,1064.0,3.8,7.8,2.0,85.9,0.6,29.2,4.1,65.2,10.3,East  ,29.9,20.9
Brighton and Hove,86165.0,464.0,222074.0,208162.0,159728.0,35.3,3512.0,4.1,1.5,3.8,89.1,1.5,31.3,4.1,62.7,12.3,South East,18.6,20.8
Brighton and Hove,86165.0,464.0,222074.0,208162.0,159728.0,35.3,3512.0,4.1,1.5,3.8,89.1,1.5,31.3,4.1,62.7,12.3,South East,18.6,20.8
Brighton and Hove,86165.0,464.0,222074.0,208162.0,159728.0,35.3,3512.0,4.1,1.5,3.8,89.1,1.5,31.3,4.1,62.7,12.3,South East,18.6,20.8
Brighton and Hove,86165.0,464.0,222074.0,208162.0,159728.0,35.3,3512.0,4.1,1.5,3.8,89.1,1.5,31.3,4.1,62.7,12.3,South East,18.6,20.8
Rochdale,72402.0,826.0,160136.0,148278.0,104550.0,38.1,1407.0,14.9,1.3,1.7,81.7,0.4,34.4,5.6,58.8,10.8,North West,29.7,34.4
Rochdale,72402.0,826.0,160136.0,148278.0,104550.0,38.1,1407.0,14.9,1.3,1.7,81.7,0.4,34.4,5.6,58.8,10.8,North West,29.7,34.4
Rochdale,72402.0,826.0,160136.0,148278.0,104550.0,38.1,1407.0,14.9,1.3,1.7,81.7,0.4,34.4,5.6,58.8,10.8,North West,29.7,34.4
Rochdale,72402.0,826.0,160136.0,148278.0,104550.0,38.1,1407.0,14.9,1.3,1.7,81.7,0.4,34.4,5.6,58.8,10.8,North West,29.7,34.4
Tameside,74825.0,835.0,172872.0,161218.0,119411.0,40.1,2196.0,6.6,0.8,1.4,90.9,0.2,34.5,4.2,63.6,10.0,North West,21.7,31.4
Tameside,74825.0,835.0,172872.0,161218.0,119411.0,40.1,2196.0,6.6,0.8,1.4,90.9,0.2,34.5,4.2,63.6,10.0,North West,21.7,31.4
Tameside,74825.0,835.0,172872.0,161218.0,119411.0,40.1,2196.0,6.6,0.8,1.4,90.9,0.2,34.5,4.2,63.6,10.0,North West,21.7,31.4
Tameside,74825.0,835.0,172872.0,161218.0,119411.0,40.1,2196.0,6.6,0.8,1.4,90.9,0.2,34.5,4.2,63.6,10.0,North West,21.7,31.4
Ealing,110496.0,776.0,272898.0,252169.0,170581.0,37.1,6154.0,29.7,10.9,4.5,49.0,6.0,30.8,5.7,61.4,13.4,London,26.3,22.7
Ealing,110496.0,776.0,272898.0,252169.0,170581.0,37.1,6154.0,29.7,10.9,4.5,49.0,6.0,30.8,5.7,61.4,13.4,London,26.3,22.7
Ealing,110496.0,776.0,272898.0,252169.0,170581.0,37.1,6154.0,29.7,10.9,4.5,49.0,6.0,30.8,5.7,61.4,13.4,London,26.3,22.7
Ealing,110496.0,776.0,272898.0,252169.0,170581.0,37.1,6154.0,29.7,10.9,4.5,49.0,6.0,30.8,5.7,61.4,13.4,London,26.3,22.7
Warrington,69805.0,584.0,165181.0,156834.0,124936.0,42.3,1163.0,2.4,0.3,1.1,95.9,0.2,31.1,3.2,70.3,11.1,North West,26.9,18.9
Warrington,69805.0,584.0,165181.0,156834.0,124936.0,42.3,1163.0,2.4,0.3,1.1,95.9,0.2,31.1,3.2,70.3,11.1,North West,26.9,18.9
Warrington,69805.0,584.0,165181.0,156834.0,124936.0,42.3,1163.0,2.4,0.3,1.1,95.9,0.2,31.1,3.2,70.3,11.1,North West,26.9,18.9
Warrington,69805.0,584.0,165181.0,156834.0,124936.0,42.3,1163.0,2.4,0.3,1.1,95.9,0.2,31.1,3.2,70.3,11.1,North West,26.9,18.9
Telford and Wrekin,56812.0,346.0,138074.0,129768.0,99984.0,39.5,620.0,4.2,1.1,1.8,92.7,0.3,30.0,3.8,65.8,7.9,West Midlands,20.7,25.0
Telford and Wrekin,56812.0,346.0,138074.0,129768.0,99984.0,39.5,620.0,4.2,1.1,1.8,92.7,0.3,30.0,3.8,65.8,7.9,West Midlands,20.7,25.0
Telford and Wrekin,56812.0,346.0,138074.0,129768.0,99984.0,39.5,620.0,4.2,1.1,1.8,92.7,0.3,30.0,3.8,65.8,7.9,West Midlands,20.7,25.0
Telford and Wrekin,56812.0,346.0,138074.0,129768.0,99984.0,39.5,620.0,4.2,1.1,1.8,92.7,0.3,30.0,3.8,65.8,7.9,West Midlands,20.7,25.0
Medway,85743.0,876.0,204726.0,191977.0,146905.0,38.2,1438.0,5.2,2.5,2.0,89.6,0.7,30.2,4.2,64.3,9.3,South East,21.1,23.9
Medway,85743.0,876.0,204726.0,191977.0,146905.0,38.2,1438.0,5.2,2.5,2.0,89.6,0.7,30.2,4.2,64.3,9.3,South East,21.1,23.9
Medway,85743.0,876.0,204726.0,191977.0,146905.0,38.2,1438.0,5.2,2.5,2.0,89.6,0.7,30.2,4.2,64.3,9.3,South East,21.1,23.9
Medway,85743.0,876.0,204726.0,191977.0,146905.0,38.2,1438.0,5.2,2.5,2.0,89.6,0.7,30.2,4.2,64.3,9.3,South East,21.1,23.9
St. Helens,61211.0,605.0,140802.0,132774.0,103907.0,43.0,1324.0,1.0,0.1,0.7,98.0,0.1,33.5,3.6,68.5,5.8,North West,20.4,31.5
St. Helens,61211.0,605.0,140802.0,132774.0,103907.0,43.0,1324.0,1.0,0.1,0.7,98.0,0.1,33.5,3.6,68.5,5.8,North West,20.4,31.5
St. Helens,61211.0,605.0,140802.0,132774.0,103907.0,43.0,1324.0,1.0,0.1,0.7,98.0,0.1,33.5,3.6,68.5,5.8,North West,20.4,31.5
St. Helens,61211.0,605.0,140802.0,132774.0,103907.0,43.0,1324.0,1.0,0.1,0.7,98.0,0.1,33.5,3.6,68.5,5.8,North West,20.4,31.5
Enfield,90272.0,709.0,217440.0,202228.0,140296.0,36.4,4130.0,11.2,17.2,5.5,61.0,5.1,32.2,5.9,56.2,14.5,London,32.4,25.8
Enfield,90272.0,709.0,217440.0,202228.0,140296.0,36.4,4130.0,11.2,17.2,5.5,61.0,5.1,32.2,5.9,56.2,14.5,London,32.4,25.8
Enfield,90272.0,709.0,217440.0,202228.0,140296.0,36.4,4130.0,11.2,17.2,5.5,61.0,5.1,32.2,5.9,56.2,14.5,London,32.4,25.8
Enfield,90272.0,709.0,217440.0,202228.0,140296.0,36.4,4130.0,11.2,17.2,5.5,61.0,5.1,32.2,5.9,56.2,14.5,London,32.4,25.8
Kingston upon Thames,54107.0,369.0,132027.0,123887.0,97633.0,37.4,4764.0,16.3,2.5,3.9,74.5,2.7,30.4,3.2,64.2,12.3,London,28.5,11.4
Kingston upon Thames,54107.0,369.0,132027.0,123887.0,97633.0,37.4,4764.0,16.3,2.5,3.9,74.5,2.7,30.4,3.2,64.2,12.3,London,28.5,11.4
Kingston upon Thames,54107.0,369.0,132027.0,123887.0,97633.0,37.4,4764.0,16.3,2.5,3.9,74.5,2.7,30.4,3.2,64.2,12.3,London,28.5,11.4
Kingston upon Thames,54107.0,369.0,132027.0,123887.0,97633.0,37.4,4764.0,16.3,2.5,3.9,74.5,2.7,30.4,3.2,64.2,12.3,London,28.5,11.4
Nottingham,102351.0,846.0,225975.0,206706.0,140457.0,29.7,4462.0,13.1,7.3,6.6,71.5,1.5,34.8,6.9,60.0,7.6,East Midlands,22.4,34.9
Nottingham,102351.0,846.0,225975.0,206706.0,140457.0,29.7,4462.0,13.1,7.3,6.6,71.5,1.5,34.8,6.9,60.0,7.6,East Midlands,22.4,34.9
Nottingham,102351.0,846.0,225975.0,206706.0,140457.0,29.7,4462.0,13.1,7.3,6.6,71.5,1.5,34.8,6.9,60.0,7.6,East Midlands,22.4,34.9
Nottingham,102351.0,846.0,225975.0,206706.0,140457.0,29.7,4462.0,13.1,7.3,6.6,71.5,1.5,34.8,6.9,60.0,7.6,East Midlands,22.4,34.9
Wokingham,52144.0,276.0,142283.0,136409.0,112568.0,41.6,956.0,7.4,1.4,2.1,88.4,0.7,34.5,2.3,67.6,9.3,South East,25.6,5.8
Wokingham,52144.0,276.0,142283.0,136409.0,112568.0,41.6,956.0,7.4,1.4,2.1,88.4,0.7,34.5,2.3,67.6,9.3,South East,25.6,5.8
Wokingham,52144.0,276.0,142283.0,136409.0,112568.0,41.6,956.0,7.4,1.4,2.1,88.4,0.7,34.5,2.3,67.6,9.3,South East,25.6,5.8
Wokingham,52144.0,276.0,142283.0,136409.0,112568.0,41.6,956.0,7.4,1.4,2.1,88.4,0.7,34.5,2.3,67.6,9.3,South East,25.6,5.8
Milton Keynes,88777.0,576.0,210109.0,196118.0,148031.0,38.0,873.0,9.2,6.9,3.3,80.0,0.6,28.9,3.9,71.4,8.2,South East,25.5,18.0
Milton Keynes,88777.0,576.0,210109.0,196118.0,148031.0,38.0,873.0,9.2,6.9,3.3,80.0,0.6,28.9,3.9,71.4,8.2,South East,25.5,18.0
Milton Keynes,88777.0,576.0,210109.0,196118.0,148031.0,38.0,873.0,9.2,6.9,3.3,80.0,0.6,28.9,3.9,71.4,8.2,South East,25.5,18.0
Milton Keynes,88777.0,576.0,210109.0,196118.0,148031.0,38.0,873.0,9.2,6.9,3.3,80.0,0.6,28.9,3.9,71.4,8.2,South East,25.5,18.0
County Durham,165226.0,1674.0,420267.0,396581.0,319889.0,43.4,238.0,0.9,0.1,0.6,98.2,0.2,33.1,5.2,62.3,9.6,North East,21.7,26.8
County Durham,165226.0,1674.0,420267.0,396581.0,319889.0,43.4,238.0,0.9,0.1,0.6,98.2,0.2,33.1,5.2,62.3,9.6,North East,21.7,26.8
County Durham,165226.0,1674.0,420267.0,396581.0,319889.0,43.4,238.0,0.9,0.1,0.6,98.2,0.2,33.1,5.2,62.3,9.6,North East,21.7,26.8
County Durham,165226.0,1674.0,420267.0,396581.0,319889.0,43.4,238.0,0.9,0.1,0.6,98.2,0.2,33.1,5.2,62.3,9.6,North East,21.7,26.8
Oldham,74898.0,814.0,167430.0,154915.0,108135.0,37.1,1666.0,19.2,1.2,1.8,77.5,0.2,32.8,5.0,63.3,9.0,North West,24.9,33.2
Oldham,74898.0,814.0,167430.0,154915.0,108135.0,37.1,1666.0,19.2,1.2,1.8,77.5,0.2,32.8,5.0,63.3,9.0,North West,24.9,33.2
Oldham,74898.0,814.0,167430.0,154915.0,108135.0,37.1,1666.0,19.2,1.2,1.8,77.5,0.2,32.8,5.0,63.3,9.0,North West,24.9,33.2
Oldham,74898.0,814.0,167430.0,154915.0,108135.0,37.1,1666.0,19.2,1.2,1.8,77.5,0.2,32.8,5.0,63.3,9.0,North West,24.9,33.2
Newham,101162.0,756.0,243569.0,219231.0,129085.0,32.3,9756.0,43.5,19.6,4.5,29.0,3.5,25.6,5.1,60.7,12.1,London,27.8,29.6
Newham,101162.0,756.0,243569.0,219231.0,129085.0,32.3,9756.0,43.5,19.6,4.5,29.0,3.5,25.6,5.1,60.7,12.1,London,27.8,29.6
Newham,101162.0,756.0,243569.0,219231.0,129085.0,32.3,9756.0,43.5,19.6,4.5,29.0,3.5,25.6,5.1,60.7,12.1,London,27.8,29.6
Newham,101162.0,756.0,243569.0,219231.0,129085.0,32.3,9756.0,43.5,19.6,4.5,29.0,3.5,25.6,5.1,60.7,12.1,London,27.8,29.6
East Riding of Yorkshire,93828.0,953.0,284308.0,272321.0,229556.0,49.2,142.0,0.9,0.2,0.7,98.1,0.2,35.8,3.2,66.3,11.2,Yorkshire and The Humber,19.7,15.6
East Riding of Yorkshire,93828.0,953.0,284308.0,272321.0,229556.0,49.2,142.0,0.9,0.2,0.7,98.1,0.2,35.8,3.2,66.3,11.2,Yorkshire and The Humber,19.7,15.6
East Riding of Yorkshire,93828.0,953.0,284308.0,272321.0,229556.0,49.2,142.0,0.9,0.2,0.7,98.1,0.2,35.8,3.2,66.3,11.2,Yorkshire and The Humber,19.7,15.6
East Riding of Yorkshire,93828.0,953.0,284308.0,272321.0,229556.0,49.2,142.0,0.9,0.2,0.7,98.1,0.2,35.8,3.2,66.3,11.2,Yorkshire and The Humber,19.7,15.6
Bracknell Forest,37718.0,198.0,97172.0,92333.0,73959.0,39.3,1120.0,5.0,1.9,2.0,90.6,0.4,28.6,2.5,72.0,10.4,South East,23.1,10.2
Bracknell Forest,37718.0,198.0,97172.0,92333.0,73959.0,39.3,1120.0,5.0,1.9,2.0,90.6,0.4,28.6,2.5,72.0,10.4,South East,23.1,10.2
Bracknell Forest,37718.0,198.0,97172.0,92333.0,73959.0,39.3,1120.0,5.0,1.9,2.0,90.6,0.4,28.6,2.5,72.0,10.4,South East,23.1,10.2
Bracknell Forest,37718.0,198.0,97172.0,92333.0,73959.0,39.3,1120.0,5.0,1.9,2.0,90.6,0.4,28.6,2.5,72.0,10.4,South East,23.1,10.2
West Berkshire,42798.0,232.0,130699.0,125329.0,104414.0,43.5,225.0,2.5,0.9,1.6,94.8,0.2,26.8,2.4,72.3,10.2,South East,23.6,10.0
West Berkshire,42798.0,232.0,130699.0,125329.0,104414.0,43.5,225.0,2.5,0.9,1.6,94.8,0.2,26.8,2.4,72.3,10.2,South East,23.6,10.0
West Berkshire,42798.0,232.0,130699.0,125329.0,104414.0,43.5,225.0,2.5,0.9,1.6,94.8,0.2,26.8,2.4,72.3,10.2,South East,23.6,10.0
West Berkshire,42798.0,232.0,130699.0,125329.0,104414.0,43.5,225.0,2.5,0.9,1.6,94.8,0.2,26.8,2.4,72.3,10.2,South East,23.6,10.0
Leeds,252359.0,1754.0,602633.0,563371.0,431403.0,35.3,1438.0,7.8,3.4,2.6,85.1,1.1,32.5,4.2,70.5,9.9,Yorkshire and The Humber,22.8,27.3
Leeds,252359.0,1754.0,602633.0,563371.0,431403.0,35.3,1438.0,7.8,3.4,2.6,85.1,1.1,32.5,4.2,70.5,9.9,Yorkshire and The Humber,22.8,27.3
Leeds,252359.0,1754.0,602633.0,563371.0,431403.0,35.3,1438.0,7.8,3.4,2.6,85.1,1.1,32.5,4.2,70.5,9.9,Yorkshire and The Humber,22.8,27.3
Leeds,252359.0,1754.0,602633.0,563371.0,431403.0,35.3,1438.0,7.8,3.4,2.6,85.1,1.1,32.5,4.2,70.5,9.9,Yorkshire and The Humber,22.8,27.3
Hillingdon,93234.0,724.0,226893.0,210652.0,150106.0,36.3,2652.0,25.3,7.3,3.8,60.6,3.0,35.1,4.7,66.8,8.7,London,32.0,18.2
Hillingdon,93234.0,724.0,226893.0,210652.0,150106.0,36.3,2652.0,25.3,7.3,3.8,60.6,3.0,35.1,4.7,66.8,8.7,London,32.0,18.2
Hillingdon,93234.0,724.0,226893.0,210652.0,150106.0,36.3,2652.0,25.3,7.3,3.8,60.6,3.0,35.1,4.7,66.8,8.7,London,32.0,18.2
Hillingdon,93234.0,724.0,226893.0,210652.0,150106.0,36.3,2652.0,25.3,7.3,3.8,60.6,3.0,35.1,4.7,66.8,8.7,London,32.0,18.2
East Devon,35935.0,251.0,125365.0,120461.0,104629.0,51.2,180.0,0.7,0.1,0.7,98.4,0.1,39.4,2.3,65.3,16.8,South West,26.6,12.8
Havant,34350.0,359.0,99981.0,95425.0,79532.0,45.9,2264.0,1.2,0.3,1.3,97.1,0.2,40.1,3.6,60.2,13.2,South East,17.6,21.8
Surrey Heath,27807.0,243.0,73739.0,70032.0,59460.0,43.9,939.0,6.3,1.0,1.9,90.2,0.7,42.6,2.6,78.4,5.0,South East,33.7,8.1
Worthing,30873.0,229.0,89359.0,85014.0,71187.0,45.2,3400.0,3.2,0.8,1.8,93.8,0.4,35.8,3.1,69.0,13.0,South East,26.8,17.0
Braintree,44068.0,443.0,119068.0,113762.0,92411.0,43.6,249.0,1.4,0.6,1.2,96.6,0.2,29.4,2.7,75.4,10.7,East  ,24.0,14.7
Winchester,34548.0,205.0,106504.0,101641.0,85827.0,43.7,189.0,2.3,0.4,1.4,95.7,0.3,28.1,2.7,60.6,11.5,South East,27.6,9.6
Rossendale,22782.0,203.0,52756.0,49478.0,37668.0,42.5,518.0,5.0,0.2,0.9,93.8,0.1,26.3,3.3,73.4,10.2,North West,20.1,24.1
South Northamptonshire,26963.0,162.0,79757.0,76645.0,64996.0,45.1,149.0,1.3,0.4,1.2,96.9,0.1,27.3,2.3,71.4,12.1,East Midlands,26.8,7.7
Selby,26514.0,140.0,74350.0,71151.0,59872.0,44.5,151.0,0.6,0.3,0.8,98.4,0.0,28.6,3.0,60.9,14.4,Yorkshire and The Humber,28.9,12.7
Mendip,28632.0,219.0,93344.0,88777.0,73355.0,47.0,156.0,0.9,0.2,0.9,98.0,0.1,37.6,3.3,69.2,10.0,South West,20.0,16.6
Mid Suffolk,24470.0,226.0,86864.0,83645.0,71894.0,47.8,119.0,0.7,0.4,1.0,97.9,0.1,32.3,2.1,64.1,15.8,East  ,20.4,13.2
Bromsgrove,30269.0,310.0,80516.0,77024.0,64343.0,45.5,460.0,2.1,0.5,1.5,95.8,0.2,38.7,3.1,70.6,7.3,West Midlands,24.1,11.7
Fenland,27565.0,265.0,80011.0,76080.0,62095.0,45.0,186.0,1.1,0.5,0.9,97.2,0.2,24.2,3.3,58.3,10.0,East  ,15.9,25.4
South Lakeland,24760.0,281.0,87293.0,84077.0,71486.0,51.3,68.0,0.8,0.2,0.6,98.4,0.1,26.4,1.8,55.5,23.5,North West,23.1,12.5
Cotswold,20267.0,154.0,76940.0,73817.0,64646.0,49.1,77.0,1.0,0.3,0.8,97.8,0.1,34.1,2.5,62.5,15.4,South West,19.6,11.1
Dacorum,46359.0,403.0,119397.0,113592.0,90551.0,40.7,728.0,4.7,2.1,2.1,90.8,0.3,25.4,2.4,64.6,12.6,East  ,32.8,13.0
North Hertfordshire,37936.0,327.0,106001.0,101577.0,83903.0,42.2,356.0,5.4,2.0,2.7,89.5,0.5,35.3,2.8,75.9,8.8,East  ,28.5,11.6
Great Yarmouth,27696.0,321.0,78859.0,74420.0,59905.0,45.9,570.0,1.2,0.5,1.2,96.9,0.3,43.6,4.9,57.3,10.0,East  ,20.3,33.1
South Somerset,41135.0,244.0,141096.0,134773.0,113531.0,47.7,176.0,0.9,0.2,0.7,98.1,0.1,36.3,2.7,67.5,10.2,South West,23.8,17.3
Malvern Hills,17246.0,158.0,66837.0,64195.0,55696.0,50.8,136.0,1.2,0.2,0.9,97.6,0.1,32.2,2.5,61.9,13.1,West Midlands,8.2,16.1
Allerdale,27988.0,320.0,80021.0,77012.0,63737.0,48.3,79.0,0.5,0.1,0.4,98.9,0.1,37.4,2.6,67.9,14.3,North West,21.4,22.9
Amber Valley,36156.0,392.0,102482.0,98727.0,82038.0,46.1,483.0,0.8,0.2,0.8,98.1,0.1,32.2,2.8,72.1,7.4,East Midlands,11.4,18.0
Castle Point,28076.0,417.0,71278.0,68008.0,53989.0,46.9,2023.0,1.1,0.8,1.0,96.9,0.2,34.6,2.7,68.2,10.5,East  ,19.4,16.8
Fylde,23337.0,312.0,67497.0,64524.0,54533.0,50.5,488.0,1.1,0.2,1.0,97.5,0.2,26.6,2.4,73.0,6.4,North West,18.8,15.9
South Holland,24650.0,255.0,72814.0,69587.0,56682.0,46.4,127.0,0.8,0.3,0.9,97.8,0.1,42.1,3.8,64.2,9.7,East Midlands,17.5,17.9
Scarborough,27415.0,268.0,88970.0,84533.0,72041.0,50.1,133.0,1.3,0.2,0.8,97.5,0.2,41.0,3.6,68.5,8.9,Yorkshire and The Humber,26.7,26.3
Runnymede,26023.0,179.0,67257.0,63601.0,51303.0,37.7,1146.0,6.9,1.1,2.1,89.0,1.0,28.7,2.3,60.2,16.0,South East,23.7,12.0
Epping Forest,40380.0,438.0,99655.0,94775.0,73654.0,42.7,388.0,4.8,1.9,2.1,90.5,0.7,24.0,2.9,60.6,18.0,East  ,27.5,15.1
Maldon,17687.0,166.0,54155.0,51912.0,43349.0,49.2,181.0,0.8,0.2,0.8,98.1,0.1,22.1,2.7,56.7,21.6,East  ,30.0,14.2
Gosport,23315.0,195.0,64914.0,61564.0,51083.0,42.7,3344.0,1.3,0.7,1.3,96.4,0.2,32.2,3.5,62.5,7.0,South East,18.7,20.5
Broxbourne,29898.0,247.0,71371.0,67501.0,50678.0,40.2,1891.0,2.3,4.2,2.3,90.3,0.8,30.5,3.4,67.1,14.9,East  ,25.3,18.0
Northampton,73880.0,598.0,165615.0,154729.0,115795.0,37.6,2781.0,6.5,5.1,3.2,84.5,0.7,30.9,5.0,67.2,9.7,East Midlands,25.8,23.4
Stratford-on-Avon,35397.0,288.0,113874.0,109380.0,94515.0,48.2,133.0,1.2,0.2,1.0,97.4,0.2,26.4,2.2,68.7,13.3,West Midlands,18.8,11.7
Wychavon,33391.0,295.0,109349.0,105269.0,90032.0,48.2,195.0,1.0,0.2,0.8,97.9,0.1,38.9,2.8,66.6,12.3,West Midlands,19.2,15.8
Wyre Forest,27600.0,291.0,81650.0,78193.0,65875.0,46.8,518.0,1.4,0.2,1.0,97.2,0.1,33.1,3.6,71.1,9.7,West Midlands,17.7,22.4
St Albans,46749.0,363.0,118873.0,113344.0,93463.0,41.1,921.0,6.4,1.7,2.8,88.4,0.7,29.9,2.7,68.3,9.5,East  ,25.7,8.3
South Cambridgeshire,44986.0,207.0,133208.0,127654.0,107882.0,43.1,176.0,3.7,0.9,1.7,93.3,0.4,27.5,1.8,68.0,9.1,East  ,24.8,8.5
Chesterfield,30230.0,272.0,82987.0,79301.0,64458.0,44.6,1589.0,1.5,0.8,1.1,96.5,0.1,38.9,5.5,63.5,9.3,East Midlands,24.9,24.9
Derbyshire Dales,17304.0,202.0,61283.0,59226.0,51451.0,51.1,91.0,0.6,0.1,0.7,98.6,0.1,29.5,2.5,51.6,23.1,East Midlands,22.9,11.9
Forest of Dean,20967.0,144.0,71628.0,68375.0,57856.0,48.2,165.0,0.6,0.2,0.6,98.5,0.1,34.4,3.1,70.0,8.0,South West,19.3,18.0
Maidstone,51305.0,454.0,133958.0,127257.0,102855.0,41.4,437.0,3.2,0.9,1.5,94.1,0.3,30.2,2.7,71.1,8.0,South East,20.5,16.5
Charnwood,55943.0,408.0,143980.0,136754.0,109136.0,38.4,666.0,9.7,0.8,1.6,87.4,0.6,36.8,3.3,67.6,13.8,East Midlands,21.2,13.2
King's Lynn and West Norfolk,38683.0,479.0,122780.0,117157.0,97822.0,47.9,105.0,1.3,0.4,0.9,97.3,0.2,32.3,3.2,69.6,11.5,East  ,23.4,23.7
Bassetlaw,35799.0,306.0,93773.0,89067.0,73512.0,45.7,184.0,1.1,0.5,0.9,97.4,0.2,39.1,3.8,61.1,14.0,East Midlands,22.4,22.6
Staffordshire Moorlands,27211.0,325.0,80114.0,76859.0,64747.0,48.6,171.0,0.5,0.1,0.6,98.7,0.1,33.4,2.5,60.5,19.4,West Midlands,18.2,15.0
Barrow-in-Furness,22267.0,213.0,52725.0,49948.0,39469.0,45.0,861.0,0.9,0.1,0.5,98.3,0.1,32.8,4.0,63.2,3.6,North West,17.3,31.1
Lewes,26614.0,276.0,81880.0,78054.0,64984.0,48.0,354.0,1.4,0.4,1.3,96.6,0.3,31.6,3.5,60.8,19.2,South East,18.8,15.8
Uttlesford,26189.0,166.0,73634.0,70757.0,58327.0,43.9,142.0,1.4,0.5,1.2,96.6,0.2,29.0,2.2,56.6,22.9,East  ,24.9,9.3
Eastleigh,39650.0,227.0,108478.0,103908.0,86261.0,42.1,1677.0,3.0,0.5,1.4,94.7,0.5,32.8,2.8,80.4,4.7,South East,29.4,10.2
Pendle,29048.0,290.0,67545.0,62364.0,42538.0,39.7,544.0,18.8,0.1,1.1,79.9,0.2,40.0,4.0,59.3,16.3,North West,36.3,30.7
Babergh,22352.0,262.0,75971.0,72828.0,61925.0,48.8,155.0,0.8,0.3,0.9,97.8,0.2,39.6,2.8,61.1,16.6,East  ,23.2,14.3
South Derbyshire,32527.0,287.0,87087.0,83449.0,68326.0,42.0,317.0,2.5,0.4,1.1,95.7,0.2,28.6,2.8,75.4,5.7,East Midlands,29.1,14.5
Tendring,39264.0,667.0,120781.0,115406.0,96282.0,50.8,436.0,0.9,0.3,1.1,97.6,0.1,35.6,3.9,55.6,10.7,East  ,17.2,30.5
Three Rivers,29491.0,252.0,74961.0,71400.0,58112.0,41.8,1051.0,9.2,1.8,2.3,86.2,0.5,41.7,2.4,59.0,16.2,East  ,22.9,9.9
Oadby and Wigston,18606.0,190.0,44969.0,42672.0,33749.0,42.6,2423.0,22.3,1.2,2.1,73.0,1.4,22.3,3.5,79.8,4.9,East Midlands,26.7,13.0
Ryedale,12295.0,102.0,46005.0,44106.0,38555.0,50.4,37.0,0.5,0.2,0.6,98.7,0.1,28.0,2.1,66.0,8.8,Yorkshire and The Humber,20.9,15.7
Vale of White Horse,37244.0,157.0,113498.0,109061.0,91732.0,42.5,235.0,2.4,1.0,1.3,94.9,0.3,21.7,2.5,78.1,13.3,South East,28.8,8.4
Cambridge,37637.0,123.0,115341.0,107269.0,85386.0,30.3,3066.0,11.0,1.7,3.2,82.5,1.6,28.7,2.2,71.3,8.1,East  ,20.9,14.9
Eden,12684.0,157.0,44827.0,43228.0,36824.0,50.8,25.0,0.6,0.0,0.4,98.9,0.1,36.8,1.5,67.5,18.3,North West,17.9,16.3
East Lindsey,32776.0,495.0,120141.0,114960.0,97486.0,52.4,80.0,0.6,0.2,0.7,98.5,0.1,42.0,4.9,55.9,10.4,East Midlands,15.7,29.9
West Lindsey,25479.0,233.0,77894.0,74641.0,63310.0,48.2,83.0,0.8,0.3,0.7,98.2,0.1,37.0,4.0,65.4,6.3,East Midlands,24.9,20.4
Tamworth,24713.0,247.0,59508.0,56233.0,44559.0,41.3,2486.0,1.0,0.5,1.0,97.3,0.1,30.9,3.6,76.9,4.3,West Midlands,29.5,21.1
Arun,43142.0,397.0,131827.0,126009.0,106710.0,49.7,727.0,1.4,0.4,1.0,97.1,0.2,31.9,3.0,63.4,11.5,South East,16.7,18.6
Mid Devon,20073.0,114.0,67863.0,64620.0,54819.0,46.7,90.0,0.6,0.1,0.6,98.6,0.1,27.7,2.9,63.4,15.2,South West,27.7,16.9
East Hampshire,31799.0,220.0,103791.0,99716.0,85596.0,47.1,238.0,1.6,0.4,1.1,96.6,0.3,39.2,2.5,68.5,11.6,South East,27.1,10.3
Test Valley,36009.0,226.0,106145.0,102097.0,85982.0,45.0,201.0,2.0,0.4,1.3,95.9,0.3,36.5,2.5,71.5,11.0,South East,24.9,11.9
Dover,30824.0,395.0,91029.0,86652.0,69926.0,46.6,375.0,1.8,0.3,0.9,96.7,0.2,35.4,4.2,60.0,12.8,South East,27.1,22.2
Sevenoaks,34986.0,292.0,94940.0,90574.0,74617.0,44.3,327.0,1.8,0.7,1.5,95.8,0.2,25.7,2.9,56.1,11.0,South East,26.0,12.4
Thanet,39258.0,514.0,108581.0,102409.0,80965.0,45.1,1370.0,1.9,0.7,1.6,95.5,0.3,29.4,5.3,57.1,14.0,South East,20.9,31.3
Ribble Valley,19506.0,177.0,51194.0,48994.0,40045.0,48.1,104.0,1.3,0.2,0.6,97.9,0.1,32.4,1.9,61.5,12.8,North West,25.9,10.6
East Staffordshire,37111.0,477.0,93493.0,88105.0,70445.0,41.9,309.0,6.9,0.9,1.4,90.4,0.3,28.8,2.6,70.4,6.9,West Midlands,20.1,19.0
Reigate and Banstead,47979.0,441.0,117932.0,111726.0,90977.0,41.5,1152.0,5.1,1.6,2.2,90.6,0.6,25.3,2.6,72.2,9.3,South East,31.0,11.3
Rugby,35192.0,199.0,86579.0,82171.0,65330.0,41.2,310.0,5.2,2.0,2.0,90.5,0.3,23.3,3.1,69.8,11.0,West Midlands,24.3,14.1
Redditch,26403.0,230.0,63879.0,60131.0,46387.0,40.2,1572.0,4.8,1.0,2.0,92.0,0.2,38.0,3.4,68.8,5.1,West Midlands,30.4,22.5
North East Derbyshire,28829.0,330.0,83745.0,80586.0,67600.0,47.9,368.0,0.8,0.2,0.8,98.0,0.1,32.6,3.0,67.0,9.3,East Midlands,21.4,17.4
Rother,22892.0,368.0,77923.0,74650.0,63930.0,53.1,189.0,1.2,0.3,1.1,97.1,0.2,38.0,3.3,66.3,12.9,South East,16.1,19.8
Preston,47730.0,406.0,109464.0,101270.0,70733.0,35.3,1006.0,15.5,1.2,2.4,80.2,0.8,38.2,3.7,67.9,8.7,North West,27.1,29.5
Stafford,40510.0,393.0,110415.0,105606.0,86325.0,45.4,229.0,2.5,0.8,1.3,95.0,0.4,34.6,2.9,71.2,7.9,West Midlands,16.7,13.7
Elmbridge,44374.0,284.0,111217.0,105676.0,87033.0,43.0,1439.0,5.4,0.8,2.6,90.3,1.0,25.0,2.6,68.0,12.1,South East,27.2,7.9
Huntingdonshire,49518.0,318.0,146784.0,140725.0,116955.0,43.5,196.0,2.5,1.0,1.5,94.8,0.3,31.1,2.5,67.7,10.1,East  ,19.2,12.6
Hart,28791.0,181.0,82556.0,79358.0,67870.0,43.7,451.0,2.7,0.6,1.6,94.9,0.3,24.7,2.1,75.8,7.5,South East,36.2,5.5
Hyndburn,27420.0,284.0,58577.0,54297.0,37067.0,39.8,1110.0,11.2,0.1,0.9,87.7,0.2,25.4,4.2,68.1,9.8,North West,23.3,34.3
South Kesteven,39694.0,326.0,116669.0,111825.0,94527.0,46.5,151.0,1.2,0.4,0.9,97.5,0.1,31.8,3.5,62.5,13.4,East Midlands,27.4,13.5
Oxford,47082.0,176.0,130754.0,120140.0,90987.0,28.9,3343.0,12.4,4.6,4.0,77.7,1.4,28.9,2.7,65.7,11.6,South East,29.6,16.7
Guildford,41730.0,253.0,115673.0,109093.0,90030.0,37.4,550.0,4.8,1.2,1.8,90.9,1.2,32.0,1.9,68.5,10.1,South East,21.0,9.4
Erewash,33586.0,362.0,89578.0,85617.0,69357.0,43.9,1052.0,1.2,0.5,1.1,97.0,0.1,37.4,3.9,72.0,12.7,East Midlands,25.9,18.8
Lancaster,41527.0,384.0,114290.0,107617.0,87415.0,39.5,258.0,2.7,0.5,1.0,95.6,0.2,35.4,3.6,65.6,13.0,North West,23.1,24.2
Harborough,27681.0,190.0,78761.0,75702.0,64199.0,46.2,159.0,3.0,0.4,1.1,95.2,0.2,42.4,2.8,69.4,13.5,East Midlands,29.5,8.0
Nuneaton and Bedworth,42185.0,391.0,101761.0,96043.0,73387.0,41.3,1645.0,6.3,0.8,1.1,91.3,0.4,34.4,3.8,70.6,10.7,West Midlands,28.3,23.5
Fareham,30688.0,306.0,96188.0,92761.0,79597.0,46.7,1565.0,1.5,0.3,1.2,96.8,0.2,30.5,2.5,70.5,10.5,South East,22.9,9.0
Watford,32363.0,262.0,75275.0,70819.0,53394.0,37.0,4507.0,17.9,5.8,3.4,71.9,0.9,31.3,2.8,67.8,8.3,East  ,22.5,15.4
Boston,18999.0,225.0,50211.0,47567.0,36850.0,41.9,192.0,1.4,0.4,1.0,96.8,0.3,42.7,4.7,70.6,7.1,East Midlands,24.1,23.0
East Northamptonshire,25963.0,251.0,74031.0,70189.0,57693.0,44.8,185.0,1.3,0.7,1.2,96.6,0.2,30.8,2.9,64.0,16.0,East Midlands,22.7,13.9
Ipswich,39166.0,366.0,102181.0,96607.0,75183.0,38.2,3465.0,4.3,2.3,3.6,88.9,0.9,35.3,4.0,69.2,7.1,East  ,26.1,25.9
Spelthorne,32600.0,239.0,79512.0,75314.0,59255.0,41.8,2224.0,7.6,1.6,2.5,87.3,1.0,32.1,3.0,66.8,11.0,South East,29.1,14.9
Adur,17237.0,94.0,51731.0,49461.0,41985.0,45.7,1529.0,1.7,0.5,1.4,95.9,0.4,39.2,3.4,71.6,14.2,South East,30.5,17.6
Carlisle,32328.0,373.0,86370.0,82193.0,67016.0,45.1,105.0,1.2,0.1,0.5,98.1,0.1,34.0,2.7,67.5,11.2,North West,19.1,22.0
Copeland,20852.0,231.0,55034.0,52601.0,43216.0,47.1,93.0,0.9,0.1,0.5,98.4,0.1,33.6,2.8,69.7,8.1,North West,19.9,25.0
Hastings,26521.0,279.0,68373.0,64259.0,50823.0,43.4,3110.0,2.4,1.2,2.2,93.8,0.5,33.1,4.4,64.4,12.3,South East,22.1,34.3
Wealden,40906.0,421.0,130315.0,124948.0,105484.0,49.0,194.0,1.2,0.2,1.0,97.5,0.2,33.3,2.7,63.6,13.9,South East,26.7,12.3
Rochford,25875.0,316.0,69834.0,67074.0,55070.0,46.2,522.0,1.1,0.5,1.1,97.2,0.2,23.8,2.0,70.5,12.2,East  ,22.0,10.4
Swale,44004.0,488.0,116109.0,109650.0,88104.0,41.1,402.0,1.1,1.0,1.2,96.6,0.2,35.1,4.7,66.1,9.5,South East,34.7,27.1
Wellingborough,23946.0,189.0,60894.0,57327.0,45400.0,42.0,489.0,5.9,3.6,2.9,87.3,0.3,40.5,4.5,76.3,11.2,East Midlands,19.7,21.7
Richmondshire,13606.0,95.0,44575.0,42000.0,33881.0,44.0,41.0,2.4,1.0,1.0,95.4,0.3,39.5,2.4,61.8,11.2,Yorkshire and The Humber,17.7,12.1
Sedgemoor,33121.0,232.0,100499.0,95822.0,78157.0,46.9,218.0,0.6,0.1,0.8,98.4,0.1,27.5,3.8,68.0,7.9,South West,20.8,21.3
Mole Valley,24570.0,257.0,73030.0,69847.0,59122.0,47.5,338.0,2.5,0.5,1.5,95.1,0.4,34.7,2.2,70.5,11.4,South East,26.4,9.5
Worcester,29891.0,204.0,79882.0,75312.0,59266.0,38.7,3042.0,4.4,0.5,1.4,93.4,0.2,30.8,3.4,63.1,13.5,West Midlands,23.5,20.4
Eastbourne,29504.0,335.0,80399.0,76050.0,61089.0,45.8,2349.0,2.8,0.8,1.8,94.1,0.5,30.1,4.2,63.7,10.6,South East,28.6,22.1
Chelmsford,55573.0,467.0,142397.0,135537.0,110067.0,41.6,527.0,2.9,1.2,1.6,93.9,0.4,40.7,2.5,71.0,9.2,East  ,18.1,12.2
Chorley,37686.0,307.0,92036.0,87685.0,69718.0,43.5,583.0,1.6,0.4,0.9,96.9,0.2,34.4,2.9,61.1,11.3,North West,30.3,16.9
North Kesteven,31390.0,266.0,97942.0,94389.0,80189.0,46.3,127.0,0.7,0.2,0.7,98.2,0.1,37.5,3.0,60.0,12.8,East Midlands,23.5,11.6
South Oxfordshire,39726.0,204.0,122999.0,118620.0,100477.0,44.4,209.0,1.8,0.6,1.3,96.1,0.2,29.3,2.1,73.0,13.4,South East,22.9,8.5
West Oxfordshire,29706.0,156.0,95583.0,91921.0,77795.0,44.7,155.0,1.4,0.4,1.2,96.8,0.2,29.6,2.0,69.3,9.5,South East,23.0,8.7
South Staffordshire,33080.0,315.0,90679.0,86781.0,71688.0,48.0,276.0,2.0,0.5,1.4,95.9,0.2,35.2,2.8,64.9,9.3,West Midlands,23.1,13.1
Torridge,15482.0,95.0,56407.0,54008.0,45897.0,50.7,69.0,0.4,0.1,0.7,98.7,0.1,41.3,2.5,55.9,23.2,South West,15.3,23.3
Gloucester,38460.0,255.0,99410.0,93353.0,75504.0,39.2,3184.0,4.8,2.9,2.9,89.1,0.3,29.1,4.1,69.0,8.7,South West,25.3,21.8
Hertsmere,33979.0,338.0,82190.0,78246.0,62514.0,40.9,1037.0,7.4,3.9,2.6,85.0,1.0,45.3,3.1,64.7,13.6,East  ,32.3,13.9
Breckland,33872.0,363.0,113312.0,108659.0,90945.0,46.8,107.0,0.8,0.5,1.2,97.4,0.1,31.3,2.4,74.2,4.9,East  ,21.8,19.6
Broadland,34707.0,374.0,110210.0,106101.0,91456.0,48.1,237.0,1.0,0.3,0.9,97.7,0.2,38.8,2.2,68.9,12.8,East  ,15.4,11.8
Corby,24943.0,164.0,51380.0,47858.0,34926.0,37.5,900.0,1.3,1.6,1.4,95.5,0.2,31.3,4.4,71.5,9.1,East Midlands,32.6,25.7
Broxtowe,33658.0,330.0,90956.0,86890.0,71508.0,43.1,1424.0,4.1,0.9,1.7,92.7,0.6,38.2,3.7,66.9,6.7,East Midlands,24.8,14.2
Mansfield,34079.0,370.0,83650.0,79319.0,60886.0,42.1,1425.0,1.2,0.4,1.1,97.2,0.1,31.9,5.1,65.7,7.4,East Midlands,20.1,28.5
High Peak,26602.0,276.0,75165.0,72021.0,59617.0,46.1,172.0,0.8,0.2,1.0,97.9,0.1,41.3,3.8,61.2,12.7,East Midlands,26.5,15.6
Canterbury,41510.0,491.0,126429.0,119321.0,96132.0,38.2,536.0,3.4,1.3,1.7,93.0,0.6,28.1,4.4,63.5,15.0,South East,22.5,16.8
Dartford,36828.0,324.0,81858.0,76802.0,57685.0,37.3,1548.0,6.0,3.7,2.2,87.4,0.8,38.4,3.0,63.8,22.5,South East,29.3,18.8
Melton,14721.0,123.0,42135.0,40371.0,33813.0,47.6,106.0,1.0,0.2,0.8,97.9,0.1,29.0,3.5,67.0,10.1,East Midlands,16.2,12.5
Craven,14856.0,120.0,47890.0,45844.0,39237.0,50.6,49.0,1.8,0.1,0.7,97.4,0.1,40.2,2.5,62.9,13.2,Yorkshire and The Humber,22.3,12.8
Waverley,36854.0,290.0,105464.0,100035.0,86128.0,45.0,366.0,1.9,0.4,1.3,96.0,0.3,38.3,2.0,69.5,14.8,South East,33.2,7.5
Welwyn Hatfield,35714.0,282.0,87456.0,82135.0,62922.0,35.7,950.0,7.9,4.5,2.5,84.1,1.0,34.3,2.9,75.7,7.1,East  ,21.5,14.2
Exeter,36467.0,166.0,105554.0,98735.0,79604.0,33.6,2794.0,3.9,0.6,1.6,93.1,0.8,35.0,2.9,69.7,7.8,South West,21.6,16.2
North Devon,23854.0,107.0,81888.0,78066.0,64721.0,48.0,89.0,0.9,0.2,0.8,97.9,0.2,36.6,2.9,68.7,14.4,South West,24.8,20.6
Folkestone and Hythe,29901.0,480.0,88427.0,84009.0,69700.0,47.3,317.0,3.4,0.4,1.2,94.7,0.3,33.5,4.0,63.6,17.8,South East,19.9,24.1
Burnley,30979.0,344.0,65424.0,60682.0,42834.0,40.0,803.0,11.0,0.2,1.1,87.4,0.3,31.9,5.6,63.8,7.7,North West,26.7,37.8
Hinckley and Bosworth,33498.0,271.0,90540.0,86420.0,71629.0,45.1,380.0,2.1,0.2,1.0,96.5,0.2,38.2,2.8,68.7,7.8,East Midlands,23.5,13.5
Harrogate,46845.0,291.0,136751.0,130350.0,109656.0,47.5,123.0,1.5,0.7,1.1,96.3,0.3,33.2,2.2,69.9,7.1,Yorkshire and The Humber,17.9,10.9
Warwick,42675.0,280.0,117645.0,111991.0,93539.0,39.7,508.0,7.2,0.7,2.0,89.2,0.9,27.7,2.8,70.1,12.6,West Midlands,21.1,12.0
Blaby,32579.0,271.0,79689.0,76082.0,62405.0,42.9,778.0,6.1,1.0,1.6,91.0,0.4,31.7,3.3,76.1,3.2,East Midlands,27.1,10.6
Daventry,25292.0,172.0,70227.0,66933.0,55957.0,45.0,130.0,1.5,0.6,1.2,96.5,0.1,26.9,3.4,61.7,13.4,East Midlands,27.6,13.2
Ashfield,38514.0,411.0,96921.0,92321.0,72150.0,41.9,1168.0,0.9,0.4,0.9,97.7,0.1,29.1,4.2,67.3,10.1,East Midlands,26.9,26.3
Woking,32744.0,217.0,81354.0,77090.0,61834.0,41.1,1585.0,11.6,1.4,2.4,83.6,1.1,26.4,2.3,75.7,6.0,South East,25.8,10.8
Cheltenham,32229.0,229.0,96021.0,91166.0,75340.0,40.7,2496.0,3.2,0.6,1.6,94.3,0.3,34.8,3.2,68.3,12.1,South West,24.9,14.3
Stroud,30033.0,235.0,100041.0,95843.0,83219.0,46.7,260.0,0.7,0.2,1.1,97.9,0.1,40.3,2.3,72.6,8.6,South West,14.6,10.8
Ashford,38223.0,391.0,103984.0,98052.0,79333.0,42.0,224.0,3.4,1.2,1.4,93.7,0.3,40.2,4.0,73.5,9.2,South East,18.5,18.5
South Ribble,35925.0,294.0,88809.0,84598.0,66482.0,44.6,979.0,1.5,0.2,1.1,97.1,0.1,32.3,2.6,74.0,8.1,North West,28.8,15.3
Lincoln,30102.0,248.0,75034.0,70367.0,54175.0,33.4,2782.0,1.9,0.8,1.3,95.6,0.4,33.0,5.5,64.7,6.3,East Midlands,22.8,26.9
Norwich,39533.0,254.0,111572.0,104786.0,81228.0,33.5,3602.0,4.4,1.6,2.3,90.8,0.8,37.8,4.0,71.3,9.4,East  ,24.6,27.6
South Norfolk,35135.0,272.0,117192.0,112484.0,96250.0,46.2,155.0,1.0,0.3,1.0,97.6,0.1,34.1,2.0,69.4,7.5,East  ,18.8,13.3
Cherwell,46223.0,237.0,127145.0,121073.0,99492.0,41.2,256.0,4.3,1.4,1.8,92.2,0.4,32.6,2.4,73.6,7.4,South East,21.2,14.4
Chichester,30929.0,299.0,102974.0,98721.0,84208.0,49.3,154.0,1.4,0.5,1.0,96.9,0.2,34.5,2.7,61.8,15.2,South East,23.8,14.1
Horsham,39221.0,250.0,121391.0,116159.0,99983.0,46.3,271.0,2.0,0.5,1.4,96.0,0.2,25.3,2.5,64.8,14.6,South East,22.9,9.9
West Devon,12239.0,54.0,47461.0,45433.0,39073.0,51.3,48.0,0.6,0.1,0.8,98.5,0.1,34.3,2.6,52.4,18.8,South West,25.9,18.1
Basildon,60185.0,616.0,138489.0,130218.0,98042.0,39.3,1702.0,2.7,2.7,1.7,92.7,0.3,33.7,3.8,65.2,12.2,East  ,27.8,23.2
Brentwood,24149.0,254.0,59813.0,57258.0,45858.0,43.3,503.0,3.2,1.2,1.6,93.6,0.4,31.0,3.0,50.2,16.0,East  ,16.1,10.0
New Forest,42527.0,362.0,148549.0,143600.0,124599.0,50.8,239.0,0.9,0.3,0.9,97.6,0.2,27.6,2.3,65.6,10.7,South East,25.0,13.0
Rushmoor,31490.0,226.0,79035.0,74704.0,61535.0,38.8,2423.0,10.4,2.0,2.2,84.8,0.6,30.6,2.8,71.8,6.0,South East,23.3,15.9
Kettering,32041.0,256.0,79837.0,75453.0,59412.0,41.2,436.0,3.2,1.1,1.4,93.9,0.4,37.3,4.8,76.7,13.4,East Midlands,28.7,19.2
Hambleton,23380.0,186.0,77082.0,74065.0,64421.0,49.9,70.0,0.7,0.2,0.7,98.3,0.1,46.8,2.5,68.3,10.8,Yorkshire and The Humber,27.0,12.0
Harlow,29669.0,214.0,64718.0,60617.0,44009.0,37.5,2851.0,4.6,3.8,2.1,89.1,0.5,30.1,4.8,70.3,10.1,East  ,26.7,21.4
Gedling,36922.0,354.0,92252.0,87890.0,70888.0,44.1,983.0,2.9,1.5,2.3,93.1,0.2,37.7,4.3,64.6,11.6,East Midlands,19.5,14.9
Newark and Sherwood,35043.0,272.0,97363.0,92905.0,75328.0,45.4,188.0,0.9,0.4,1.0,97.5,0.1,27.2,4.4,63.2,14.7,East Midlands,23.3,19.2
Cannock Chase,31222.0,329.0,78621.0,74593.0,59693.0,42.6,1277.0,1.0,0.3,0.9,97.7,0.1,28.6,3.1,75.4,9.4,West Midlands,31.0,20.4
Newcastle-under-Lyme,37303.0,424.0,100579.0,95526.0,78067.0,41.9,614.0,2.8,0.7,1.2,95.0,0.3,28.1,3.1,60.1,7.1,West Midlands,29.5,18.9
Mid Sussex,44428.0,311.0,122137.0,116700.0,97931.0,43.8,452.0,2.7,0.6,1.4,95.1,0.2,44.3,1.9,70.1,8.3,South East,25.2,7.7
East Hertfordshire,44447.0,280.0,119819.0,114631.0,93903.0,42.7,315.0,1.9,0.7,1.6,95.5,0.3,28.3,2.4,67.0,11.9,East  ,27.1,8.2
Gravesham,33966.0,342.0,77838.0,73100.0,56091.0,39.7,1080.0,10.4,2.8,2.0,82.8,1.9,31.0,4.7,75.4,7.1,South East,21.6,21.4
Tonbridge and Malling,38675.0,246.0,103633.0,98889.0,80806.0,42.2,550.0,2.0,0.3,1.4,95.9,0.3,27.7,2.8,62.2,17.8,South East,27.8,13.3
West Lancashire,35188.0,333.0,89543.0,85028.0,67873.0,44.6,330.0,0.8,0.2,0.8,98.1,0.1,44.5,3.7,55.6,17.5,North West,29.7,18.6
North West Leicestershire,30910.0,272.0,82934.0,79240.0,64983.0,43.9,371.0,1.1,0.2,0.9,97.6,0.1,26.5,3.6,67.1,5.7,East Midlands,24.4,14.6
North Norfolk,20162.0,261.0,87118.0,83954.0,73855.0,54.3,109.0,0.5,0.2,0.6,98.6,0.1,26.6,2.2,52.6,20.7,East  ,14.8,21.1
Lichfield,31115.0,351.0,88362.0,84356.0,69643.0,46.6,316.0,1.6,0.5,1.0,96.8,0.1,32.6,2.8,65.5,9.2,West Midlands,15.9,12.6
Epsom and Ewell,25493.0,230.0,64155.0,60760.0,49655.0,41.5,2366.0,8.6,1.5,2.6,85.9,1.4,26.9,2.2,70.4,16.8,South East,25.5,8.8
Crawley,36939.0,240.0,86305.0,80865.0,60437.0,37.5,2500.0,13.0,3.3,2.9,79.9,1.0,33.4,4.1,74.9,6.9,South East,23.5,18.9
East Cambridgeshire,23308.0,106.0,72842.0,69916.0,59394.0,43.4,138.0,1.4,0.6,1.4,96.2,0.3,35.7,1.9,74.6,7.8,East  ,25.4,11.5
Teignbridge,33086.0,185.0,112167.0,107321.0,91797.0,49.4,199.0,0.7,0.1,0.7,98.3,0.1,35.2,3.1,61.3,17.4,South West,21.8,15.9
Tewkesbury,25607.0,173.0,78800.0,75271.0,65049.0,44.5,229.0,1.1,0.3,0.9,97.5,0.1,24.6,3.2,77.1,7.2,South West,19.8,12.1
Wyre,32702.0,455.0,91157.0,86869.0,72114.0,49.9,397.0,0.9,0.1,0.6,98.2,0.1,48.2,2.8,68.0,10.6,North West,26.6,20.9
Tandridge,26372.0,243.0,69601.0,66300.0,55003.0,44.3,355.0,2.6,1.1,2.2,93.8,0.3,25.8,2.5,66.8,13.7,South East,28.6,11.9
North Warwickshire,19475.0,183.0,51668.0,49286.0,38395.0,45.6,230.0,0.9,0.3,0.8,97.9,0.1,23.6,3.0,66.1,10.8,West Midlands,27.8,17.9
Stevenage,26850.0,175.0,66790.0,63033.0,48283.0,38.3,3383.0,5.8,3.4,2.7,87.7,0.5,39.7,2.9,73.6,4.9,East  ,33.6,19.7
South Hams,20407.0,89.0,73107.0,69897.0,59064.0,51.5,98.0,0.6,0.1,0.8,98.4,0.1,37.5,2.4,55.3,21.7,South West,21.1,13.7
Colchester,57628.0,455.0,150564.0,142650.0,113539.0,37.8,593.0,3.7,1.5,1.8,92.0,1.0,36.8,3.2,66.1,6.5,East  ,23.6,16.8
Basingstoke and Deane,50753.0,333.0,145614.0,139200.0,114403.0,41.3,279.0,4.0,1.1,1.7,92.9,0.3,32.7,2.7,69.3,13.0,South East,28.5,12.8
Tunbridge Wells,33306.0,227.0,91977.0,87190.0,71627.0,43.2,358.0,2.5,0.6,1.6,94.9,0.3,23.5,3.0,61.5,17.9,South East,32.1,11.3
Rushcliffe,37149.0,261.0,97732.0,93671.0,78864.0,43.9,291.0,4.2,0.6,1.8,93.1,0.4,28.5,2.5,61.0,14.6,East Midlands,21.8,7.2
